"","","","","","","","","","","","","","","","","","","","","","","","","","","","","","","","","","","","","","","","","","","","","","","","","","","","","","","","","","","","","","","",""
"","","","","","","","","","","","","","","","","","","","","","","","","","","","","","","","","","","","","","","","","","","","","","","","","","","","","","","","","","","","","","","",""
"","","","","","","","","","","","","","","","","","","","","","","","","","","","","","","","","","","","","","","","","","","","","","","","","","","","","","","","","","","","","","","",""
"MEDIAN","","","","","","","","0.192","-0.054","291.176","0.000","59.61%","-0.010","0.385","-0.029","0.093","-0.013","0.049","-0.006","0.131","-0.032","-0.152","0.012","68.47%","-0.004","65.98%","0.000","3.082","-0.018","3.351","0.021","69.167","0.000","4.163","-0.012","-0.069","0.000","29.830","0.000","50.794","-0.015","85.05%","-0.018","17.037","80.95%","0.117","21.218","56.10%","0.153","38.913","34.40%","0.207","62.305","70.25%","0.360","29.537","48.30%","0.315","42.392","-0.03","0.00","-0.403","-0.013"
"Expected Peformance Notes","Rank","DG ID","Player Name","Top 5","Top 10","Weighted Score","Past Perf. Mult.","SG Total","SG Total Trend","Driving Distance","Driving Distance Trend","Driving Accuracy","Driving Accuracy Trend","SG T2G","SG T2G Trend","SG Approach","SG Approach Trend","SG Around Green","SG Around Green Trend","SG OTT","SG OTT Trend","SG Putting","SG Putting Trend","Greens in Regulation","Greens in Regulation Trend","Scrambling","Scrambling Trend","Great Shots","Great Shots Trend","Poor Shots","Poor Shots Trend","Scoring Average","Scoring Average Trend","Birdies or Better","Birdies or Better Trend","Birdie Chances Created","Birdie Chances Created Trend","Fairway Proximity","Fairway Proximity Trend","Rough Proximity","Rough Proximity Trend","Approach <100 GIR","Approach <100 SG","Approach <100 Prox","Approach <150 FW GIR","Approach <150 FW SG","Approach <150 FW Prox","Approach <150 Rough GIR","Approach <150 Rough SG","Approach <150 Rough Prox","Approach >150 Rough GIR","Approach >150 Rough SG","Approach >150 Rough Prox","Approach <200 FW GIR","Approach <200 FW SG","Approach <200 FW Prox","Approach >200 FW GIR","Approach >200 FW SG","Approach >200 FW Prox","Refined Weighted Score","WAR","Delta Trend Score (median=-0.403)","Delta Predictive Score (median=-0.013)"
"â†‘ Above average | đź’Ş SG Putting, Approach >200 FW Prox | âś… Strong course fit | â†‘ Putting | For Course Setup - Î”Predâ†’ Î”Trendâ†’ | BucketSig â†‘ z=0.26 (-0.016) [Sâ†“ Mâ†“ Lâ†‘ VLâ†‘]",1,"18417","Scheffler, Scottie",50,64,"1.26","1.058","1.894","0.000","291.674","-0.003","68.45%","-0.018","1.414","-0.032","0.728","-0.097","-0.134","0.109","0.820","-0.035","0.991","0.116","74.72%","0.000","73.49%","0.005","3.489","-0.017","2.925","-0.012","67.604","0.000","5.306","-0.013","2.522","0.000","26.957","-0.016","46.308","-0.028","87.60%","1.548","14.975","86.10%","0.990","18.458","56.30%","0.504","38.960","38.70%","1.872","54.214","77.30%","1.296","26.030","51.10%","1.278","38.962","1.26","0.75","-0.037","0.003"
"đź’Ş SG Around Green, Approach >200 FW Prox | âś… Strong course fit | â†“ Approach | For Course Setup - Î”Predâ†’ Î”Trendâ†’ | BucketSig â†‘ z=0.73 (0.103) [Sâ†‘ Mâ†“ Lâ†‘ VLâ†‘]",2,"13562","Matsuyama, Hideki",10,17,"0.90","1.028","1.403","-0.096","293.718","-0.003","59.59%","0.012","1.379","-0.121","0.720","-0.223","0.631","0.014","0.028","0.000","0.190","-0.040","67.69%","-0.011","80.16%","0.004","3.958","-0.069","3.190","0.004","67.826","0.000","4.361","-0.027","0.499","0.000","25.234","-0.005","52.041","0.024","83.80%","0.972","14.763","81.50%","0.324","20.329","48.00%","-0.468","38.892","29.10%","0.396","56.749","74.50%","1.098","25.855","50.70%","1.296","37.584","0.90","0.45","0.139","0.043"
"đź’Ş Approach >200 FW Prox, SG T2G | âś… Strong course fit | â†‘ Putting | For Course Setup - Î”Predâ†’ Î”Trendâ†’ | BucketSig â†‘ z=0.72 (0.100) [Sâ†“ Mâ†“ Lâ†‘ VLâ†‘]",3,"14609","Kim, Si Woo",7,14,"0.87","1.032","1.382","-0.119","293.679","0.000","73.95%","-0.016","2.287","-0.064","1.202","-0.055","0.324","0.067","0.761","-0.136","-0.937","0.199","76.45%","-0.007","67.72%","-0.008","3.497","-0.009","3.210","0.070","67.751","0.003","4.650","-0.031","0.875","0.000","23.553","-0.011","54.363","0.039","82.20%","-0.558","16.890","76.60%","0.108","21.892","51.60%","0.234","36.913","38.10%","0.324","64.072","71.50%","1.188","26.181","49.40%","1.332","38.374","0.87","0.39","0.080","0.047"
"đź’Ş Approach >200 FW Prox, Approach <100 GIR | đź‘Ť Good course fit | â†‘ Around green | For Course Setup - Î”Predâ†’ Î”Trendâ†’ | BucketSig â†‘ z=0.64 (0.080) [Sâ†“ Mâ†“ Lâ†‘ VLâ†‘]",4,"18841","Hovland, Viktor",14,21,"0.66","0.985","0.378","-0.234","288.290","0.000","63.70%","-0.010","0.509","-0.159","0.597","-0.071","-0.103","1.408","0.015","-0.042","-0.478","-0.643","68.22%","0.000","66.43%","-0.014","2.805","-0.022","3.530","0.037","69.123","0.000","4.185","-0.028","1.532","0.000","28.106","-0.011","52.249","-0.010","88.90%","1.170","15.150","84.20%","0.720","18.503","62.10%","0.792","36.170","36.40%","0.612","64.568","73.30%","1.602","24.599","53.30%","1.008","36.981","0.66","0.34","0.225","0.042"
"đź’Ş Approach >200 FW Prox, Approach <100 GIR | đź‘Ť Good course fit | â†“ Putting | For Course Setup - Î”Predâ†’ Î”Trendâ†’ | BucketSig â†‘ z=0.08 (-0.063) [Sâ†‘ Mâ†“ Lâ†“ VLâ†‘]",5,"15466","Cantlay, Patrick",24,29,"0.55","0.965","0.595","-0.112","289.601","-0.004","63.93%","0.008","1.029","0.027","0.315","-0.051","0.120","0.388","0.594","0.018","-0.614","-0.669","67.59%","0.000","65.07%","0.000","3.557","0.024","3.789","0.024","68.933","0.000","4.347","-0.007","1.159","0.000","30.505","0.000","46.254","-0.023","92.30%","0.846","15.033","88.40%","0.774","18.409","61.50%","0.126","37.413","37.00%","1.422","65.405","77.10%","0.972","27.848","41.80%","-0.144","42.463","0.55","0.41","-0.441","-0.001"
"đź’Ş Approach >200 FW Prox, SG Putting | âś… Strong course fit | â†“ Putting | For Course Setup - Î”Predâ†‘ Î”Trendâ†‘ | BucketSig â†‘ z=1.00 (0.173) [Sâ†“ Mâ†“ Lâ†‘ VLâ†‘]",6,"21891","Kitayama, Kurt",11,15,"0.59","0.950","0.980","0.214","303.482","0.000","59.98%","-0.006","1.049","0.055","0.579","0.084","-0.036","-0.694","0.507","0.099","0.758","-3.345","74.35%","-0.003","70.38%","0.021","3.260","0.027","2.733","-0.038","68.227","-0.003","4.119","0.032","0.397","0.000","28.641","-0.007","37.701","-0.048","80.30%","0.180","17.341","79.20%","0.504","20.912","56.10%","0.414","39.736","32.30%","0.540","57.953","69.90%","0.450","29.671","48.40%","1.062","36.937","0.59","0.30","0.769","0.050"
"đź’Ş Approach >200 FW Prox, SG Around Green | âś… Strong course fit | â†‘ Around green | For Course Setup - Î”Predâ†’ Î”Trendâ†’ | BucketSig â†‘ z=0.08 (-0.063) [Sâ†“ Mâ†‘ Lâ†“ VLâ†‘]",7,"10091","McIlroy, Rory",25,37,"0.52","1.034","1.185","0.000","302.955","0.000","60.15%","0.019","1.529","0.107","0.513","0.105","0.315","0.455","0.701","0.032","-0.408","-0.152","73.27%","0.011","69.34%","-0.005","2.903","-0.050","2.991","0.000","68.089","0.000","4.333","-0.005","0.504","0.000","27.910","-0.012","46.592","-0.032","81.70%","-1.566","16.576","82.10%","0.720","18.732","58.30%","0.162","39.208","36.70%","1.368","64.099","67.30%","0.108","28.733","53.90%","1.386","38.925","0.52","0.36","-0.591","-0.009"
"đź’Ş SG Putting, Approach >200 FW Prox | âś… Strong course fit | â†‘ Approach | For Course Setup - Î”Predâ†’ Î”Trendâ†’ | BucketSig â†‘ z=0.32 (-0.002) [Sâ†‘ Mâ†‘ Lâ†“ VLâ†‘]",8,"23323","MacIntyre, Robert",6,14,"0.54","0.992","1.437","0.050","298.718","-0.004","57.25%","0.000","0.565","-0.331","0.029","0.584","-0.080","0.275","0.616","0.064","1.070","0.164","70.63%","-0.007","74.41%","0.013","3.962","0.018","3.312","-0.030","67.736","0.000","4.862","-0.010","0.446","0.000","30.935","0.003","42.675","-0.024","90.30%","-0.720","17.794","80.40%","-0.108","21.682","64.90%","1.458","35.569","34.30%","0.414","58.070","67.60%","-0.054","30.217","48.40%","0.306","38.969","0.54","0.31","-0.275","0.004"
"đź’Ş SG Around Green, SG Putting | âś… Strong course fit | â„ąď¸Ź Recent bucket trend weak (short-term) despite baseline fit | â†‘ Around green | For Course Setup - Î”Predâ†’ Î”Trendâ†’ | BucketSig â†“ z=-0.18 (-0.130) [Sâ†“ Mâ†“ Lâ†“ VLâ†‘]",9,"12294","Fleetwood, Tommy",19,27,"0.49","1.026","1.267","-0.055","284.296","0.000","68.64%","-0.011","0.855","-0.041","0.098","-0.262","0.555","0.354","0.202","-0.022","0.672","-0.073","62.74%","0.000","73.62%","0.000","2.519","-0.020","2.400","0.045","68.094","0.000","4.870","0.004","0.995","0.000","29.916","0.008","58.852","-0.024","90.40%","0.792","15.448","84.20%","0.504","18.997","57.60%","-0.234","40.607","35.90%","-0.090","71.953","70.60%","0.846","28.039","48.90%","0.558","41.843","0.49","0.40","-0.721","-0.033"
"đź’Ş Approach >200 FW Prox, SG Putting | đź‘Ť Good course fit | â†‘ Putting | For Course Setup - Î”Predâ†“ Î”Trendâ†’ | BucketSig â†“ z=-0.19 (-0.134) [Sâ†‘ Mâ†“ Lâ†“ VLâ†‘]",10,"13900","Lowry, Shane",9,16,"0.46","1.001","0.744","0.618","280.821","0.000","64.08%","0.004","0.624","0.439","0.187","0.158","0.221","0.258","0.216","-0.186","0.423","0.827","66.58%","0.003","72.34%","0.027","3.379","0.043","2.760","-0.017","68.824","-0.004","4.317","0.065","1.471","0.000","35.264","0.004","37.382","-0.058","84.70%","-0.036","15.879","81.90%","0.234","19.350","59.00%","0.540","36.839","38.20%","0.990","55.787","74.10%","1.314","26.459","56.00%","1.296","41.477","0.46","0.41","-0.818","-0.126"
"đź’Ş Approach >200 FW Prox, SG T2G | đź‘Ť Good course fit | â†“ Around green | For Course Setup - Î”Predâ†‘ Î”Trendâ†‘ | BucketSig â†‘ z=1.64 (0.338) [Sâ†“ Mâ†‘ Lâ†‘ VLâ†‘]",11,"29767","Gerard, Ryan",6,8,"0.51","1.040","1.613","-0.043","288.444","0.000","67.45%","0.005","1.455","-0.022","0.927","-0.031","0.142","-1.259","0.390","0.098","-0.060","-0.632","74.84%","-0.005","65.96%","-0.007","2.978","0.008","2.738","0.015","67.681","0.000","4.609","-0.009","0.626","0.000","26.784","0.016","41.806","0.004","80.50%","-0.486","17.455","79.60%","-0.072","21.960","55.00%","1.224","35.668","37.30%","0.540","61.922","66.90%","0.288","30.023","49.40%","1.476","36.496","0.51","0.22","1.012","0.151"
"đź’Ş Approach >200 FW Prox | â†“ Around green | For Course Setup - Î”Predâ†’ Î”Trendâ†’ | BucketSig â†“ z=-0.30 (-0.161) [Sâ†“ Mâ†“ Lâ†“ VLâ†‘]",12,"14578","Henley, Russell",15,26,"0.42","1.006","0.912","-0.151","285.126","0.000","62.44%","0.000","0.726","-0.193","1.067","-0.095","-0.103","-1.273","-0.238","-0.182","0.319","-0.019","70.58%","-0.014","71.39%","-0.016","4.099","0.027","3.353","0.070","68.394","0.003","4.684","0.000","1.235","0.000","30.095","0.019","51.930","-0.042","82.60%","1.620","13.303","84.20%","0.576","19.566","55.80%","0.990","38.826","32.20%","0.792","59.693","77.00%","0.522","29.059","49.90%","1.278","39.664","0.42","0.34","-0.408","-0.048"
"đź’Ş SG Putting, Approach <100 GIR | âś… Strong course fit | â†“ Putting | For Course Setup - Î”Predâ†‘ Î”Trendâ†‘ | BucketSig â†‘ z=1.47 (0.295) [Sâ†‘ Mâ†‘ Lâ†‘ VLâ†‘]",13,"28309","Coody, Pierceson",5,6,"0.45","1.015","1.369","-0.046","303.900","0.000","56.32%","-0.008","1.159","-0.053","0.415","-0.050","0.213","-0.121","0.532","-0.029","0.507","-0.153","73.57%","-0.010","67.98%","0.020","4.247","-0.037","3.347","0.041","67.930","0.000","4.393","-0.015","-0.336","0.000","29.547","-0.011","47.916","0.005","91.10%","0.810","16.829","86.20%","0.072","22.786","55.90%","-0.234","42.270","34.40%","-0.828","62.399","64.70%","-0.090","32.272","52.00%","0.090","45.432","0.45","0.19","1.147","0.080"
"đź’Ş Approach >200 FW Prox, SG T2G | đź‘Ť Good course fit | â†“ Around green | For Course Setup - Î”Predâ†’ Î”Trendâ†’ | BucketSig â†“ z=-0.14 (-0.120) [Sâ†“ Mâ†“ Lâ†“ VLâ†‘]",14,"22085","Morikawa, Collin",18,27,"0.36","0.966","0.158","0.177","291.395","0.000","71.14%","0.005","0.793","0.062","0.588","0.051","-0.427","-0.297","0.632","-0.012","0.366","-0.185","70.66%","0.000","55.34%","0.000","2.870","0.044","3.692","-0.004","69.372","0.000","4.360","0.032","1.248","0.000","27.723","-0.009","48.512","-0.027","88.10%","0.432","16.029","82.90%","0.810","18.171","61.70%","1.062","33.102","28.30%","-0.054","63.126","73.30%","0.918","27.353","47.90%","0.648","42.302","0.36","0.32","-0.894","-0.028"
"đź’Ş SG Around Green, Approach >200 FW Prox | âś… Strong course fit | â†“ Approach | For Course Setup - Î”Predâ†’ Î”Trendâ†’ | BucketSig â†‘ z=0.37 (0.010) [Sâ†“ Mâ†‘ Lâ†“ VLâ†‘]",15,"17536","Spaun, J.J.",9,17,"0.32","0.948","-0.083","-0.419","292.235","-0.005","66.79%","-0.021","0.550","-0.250","-0.278","-0.798","0.684","-0.050","0.143","-0.217","-1.229","0.217","63.95%","-0.031","62.45%","0.000","2.765","-0.084","3.306","0.041","69.510","0.006","4.301","-0.040","1.327","0.000","31.028","0.010","53.417","0.012","89.60%","0.846","15.847","80.00%","0.630","19.779","58.10%","0.792","34.230","42.20%","1.728","62.447","71.70%","0.576","28.757","52.60%","0.810","41.742","0.32","0.21","-0.086","0.007"
"đź’Ş Approach >200 FW Prox, SG Around Green | âś… Strong course fit | â„ąď¸Ź Recent bucket trend weak (short-term) despite baseline fit | â†“ Around green | For Course Setup - Î”Predâ†’ Î”Trendâ†’ | BucketSig â†“ z=-0.06 (-0.099) [Sâ†‘ Mâ†“ Lâ†“ VLâ†‘]",16,"19895","Schauffele, Xander",23,38,"0.30","0.965","0.970","-0.028","293.592","0.000","55.41%","-0.008","0.831","0.130","0.496","0.131","0.397","-3.310","-0.061","-0.017","-0.390","0.388","68.60%","0.016","75.16%","0.006","2.769","-0.045","3.349","-0.007","68.583","0.000","4.652","-0.006","0.394","0.000","28.826","0.000","44.865","-0.028","92.50%","1.368","14.409","81.40%","0.252","20.023","58.10%","0.558","37.285","33.10%","-0.288","66.726","73.60%","0.738","27.120","54.50%","0.720","38.869","0.30","0.25","-0.576","-0.021"
"đź’Ş SG Putting, Approach >200 FW Prox | đź‘Ť Good course fit | â†“ Approach | For Course Setup - Î”Predâ†’ Î”Trendâ†’ | BucketSig â†‘ z=0.67 (0.087) [Sâ†“ Mâ†‘ Lâ†’ VLâ†‘]",17,"14577","English, Harris",6,14,"0.29","0.961","0.223","0.008","291.213","-0.003","63.03%","-0.020","-0.149","-0.164","-0.330","-0.984","-0.122","-0.069","0.302","-0.126","1.019","0.960","69.51%","-0.008","67.49%","0.000","2.374","-0.015","2.906","0.000","68.552","0.000","4.140","0.004","0.417","0.000","28.144","-0.014","45.665","0.016","85.70%","0.234","15.836","77.40%","-0.450","22.678","57.80%","-0.378","39.159","40.10%","0.738","59.243","74.10%","0.504","28.776","48.40%","-0.018","44.205","0.29","0.11","0.057","0.038"
"đź’Ş Approach >200 FW Prox, Approach <100 GIR | đź‘Ť Good course fit | â†“ Off tee | For Course Setup - Î”Predâ†’ Î”Trendâ†’ | BucketSig â†‘ z=0.46 (0.035) [Sâ†‘ Mâ†‘ Lâ†“ VLâ†‘]",18,"17606","Berger, Daniel",6,8,"0.26","0.946","1.179","-0.160","291.139","-0.006","59.05%","0.000","0.738","-0.137","0.711","0.115","-0.211","0.272","0.237","-0.583","-0.385","-0.287","75.70%","0.000","61.37%","0.010","2.805","-0.020","2.296","0.042","68.052","0.000","4.666","-0.010","0.782","0.000","26.746","-0.014","51.101","-0.028","90.20%","0.648","15.143","78.90%","-0.126","21.084","56.90%","0.252","37.292","43.20%","0.522","60.251","73.80%","0.990","27.372","51.70%","0.576","41.739","0.26","0.16","-0.610","0.005"
"đź’Ş Approach >200 FW Prox | âš ď¸Ź Poor course fit | â„ąď¸Ź Recent bucket trend strong (short-term) despite baseline fit | â†“ Total game | For Course Setup - Î”Predâ†’ Î”Trendâ†“ | BucketSig â†‘ z=0.10 (-0.059) [Sâ†‘ Mâ†‘ Lâ†“ VLâ†‘]",19,"17576","Conners, Corey",5,21,"0.23","0.942","0.162","-1.331","290.710","0.000","68.61%","0.000","0.766","-0.439","0.714","-0.443","-0.218","-0.114","0.270","0.121","-0.062","-0.153","73.00%","-0.008","61.49%","0.011","2.661","-0.054","3.397","0.000","69.120","0.000","3.676","-0.029","0.835","0.000","26.463","0.016","44.085","-0.031","84.70%","-0.036","15.983","85.50%","0.864","18.160","53.00%","-0.018","36.994","29.90%","-0.036","69.338","77.00%","1.134","25.824","50.80%","0.450","44.675","0.23","0.20","-1.069","0.012"
"đź’Ş Approach >200 FW Prox, SG Around Green | âś… Strong course fit | â„ąď¸Ź Recent bucket trend weak (short-term) despite baseline fit | â†‘ Approach | For Course Setup - Î”Predâ†’ Î”Trendâ†’ | BucketSig â†“ z=-0.17 (-0.128) [Sâ†‘ Mâ†“ Lâ†‘ VLâ†“]",20,"26649","Thorbjornsen, Michael",7,10,"0.19","0.951","1.282","-0.024","304.052","0.000","61.98%","0.000","1.007","-0.027","-0.180","0.201","0.344","-0.004","0.842","0.024","-0.701","0.124","74.12%","-0.015","69.68%","0.000","3.405","0.000","2.494","0.013","68.392","0.000","4.208","-0.021","0.078","0.000","29.915","0.005","46.210","0.000","91.40%","0.450","17.023","80.20%","-0.360","23.425","59.50%","-0.054","42.253","37.20%","-0.036","57.035","66.10%","-0.090","30.391","52.00%","0.666","40.188","0.19","0.18","0.159","-0.006"
"đź’Ş SG Putting, Approach <100 GIR | âś… Strong course fit | â„ąď¸Ź Recent bucket trend weak (short-term) despite baseline fit | â†‘ Around green | For Course Setup - Î”Predâ†’ Î”Trendâ†’ | BucketSig â†“ z=-0.12 (-0.116) [Sâ†“ Mâ†“ Lâ†“ VLâ†‘]",21,"29433","Bridgeman, Jacob",6,7,"0.18","1.003","1.463","0.104","291.544","0.000","58.47%","0.000","0.607","0.193","0.524","0.293","0.014","0.659","0.068","0.142","1.102","0.012","74.41%","0.007","69.29%","0.012","3.748","0.041","2.955","0.026","67.737","0.000","4.849","0.011","0.137","0.000","26.933","0.004","55.185","-0.056","91.60%","-0.234","17.274","82.80%","0.252","20.523","55.10%","0.468","42.984","34.50%","0.360","62.802","66.90%","-0.090","30.940","47.20%","0.288","43.851","0.18","0.16","-0.581","-0.021"
"đź’Ş Approach >200 FW Prox | â†“ Around green | For Course Setup - Î”Predâ†‘ Î”Trendâ†‘ | BucketSig â†‘ z=1.52 (0.306) [Sâ†‘ Mâ†“ Lâ†‘ VLâ†‘]",22,"23816","Valimaki, Sami",4,5,"0.20","0.923","0.824","-0.807","273.780","0.000","62.77%","-0.020","-0.061","1.086","0.277","0.917","-0.142","-8.678","-0.196","0.856","0.075","-0.180","67.00%","0.000","68.80%","-0.024","4.057","0.018","3.667","0.071","68.600","0.006","4.810","-0.019","0.682","0.000","27.764","0.000","47.759","-0.032","85.50%","-0.252","17.759","81.00%","0.306","21.789","61.30%","0.468","39.726","38.60%","0.522","62.211","70.00%","0.378","29.108","51.80%","0.702","40.799","0.20","0.08","1.100","0.069"
"đź’Ş SG Around Green, Approach >200 FW Prox | đź‘Ť Good course fit | â†“ Off tee | For Course Setup - Î”Predâ†’ Î”Trendâ†’ | BucketSig â†‘ z=0.16 (-0.042) [Sâ†‘ Mâ†“ Lâ†“ VLâ†‘]",23,"24968","Griffin, Ben",12,21,"0.16","0.983","0.553","-0.117","298.352","0.000","61.42%","-0.022","0.419","-0.276","-0.351","-0.156","0.449","-0.202","0.321","-3.338","0.210","0.030","70.76%","-0.012","64.82%","-0.005","2.768","-0.049","2.926","0.008","68.678","0.003","4.014","-0.028","0.764","0.000","32.363","-0.005","45.710","-0.004","86.30%","1.008","15.240","83.40%","-0.306","23.100","60.30%","0.522","39.830","35.80%","0.990","58.518","68.80%","-0.054","30.822","56.20%","1.188","41.961","0.16","0.15","-0.316","-0.012"
"đź’Ş SG T2G | âš ď¸Ź Poor course fit | â„ąď¸Ź Recent bucket trend strong (short-term) despite baseline fit | â†‘ Putting | For Course Setup - Î”Predâ†‘ Î”Trendâ†’ | BucketSig â†‘ z=0.87 (0.139) [Sâ†‘ Mâ†‘ Lâ†‘ VLâ†‘]",24,"27774","Gotterup, Chris",6,9,"0.20","1.093","1.439","-0.186","307.028","0.000","56.69%","-0.020","1.182","-0.058","0.100","0.070","0.257","1.650","0.826","-0.009","-0.898","2.095","69.89%","-0.012","70.54%","-0.006","3.546","-0.032","2.488","0.020","68.172","0.000","4.574","-0.022","-0.386","0.000","28.629","0.007","49.870","-0.020","83.60%","-0.612","19.270","82.00%","0.000","22.276","56.10%","0.306","40.721","33.30%","0.522","56.351","70.90%","0.234","30.470","47.00%","-0.306","47.077","0.20","0.06","0.299","0.056"
"đź’Ş Approach >200 FW Prox | â†“ Off tee | For Course Setup - Î”Predâ†“ Î”Trendâ†“ | BucketSig â†“ z=-1.71 (-0.524) [Sâ†“ Mâ†‘ Lâ†“ VLâ†‘]",25,"18554","Rai, Aaron",7,12,"0.13","0.965","0.114","-0.043","282.600","0.000","65.51%","-0.003","0.568","0.025","0.508","-0.071","0.161","0.074","-0.101","-1.267","-0.528","0.084","72.87%","0.004","67.90%","0.004","2.287","-0.008","2.908","-0.014","69.262","0.000","3.506","-0.020","1.167","0.000","29.816","0.012","47.972","-0.017","85.20%","0.288","15.567","87.10%","0.450","19.869","58.30%","-0.036","39.555","35.40%","1.350","54.879","77.70%","0.792","27.943","51.90%","0.522","43.145","0.13","0.15","-3.164","-0.184"
"đź’Ş SG Putting, Approach >200 FW Prox | đź‘Ť Good course fit | â†“ Around green | For Course Setup - Î”Predâ†’ Î”Trendâ†’ | BucketSig â†‘ z=0.33 (0.001) [Sâ†‘ Mâ†‘ Lâ†“ VLâ†‘]",26,"11889","Fox, Ryan",3,5,"0.14","0.984","0.986","-0.692","300.192","-0.003","46.38%","0.013","0.454","-0.628","0.295","2.200","0.242","-3.969","-0.083","-0.005","0.481","-0.824","65.36%","0.004","59.66%","0.000","4.238","0.054","3.563","0.006","68.691","-0.004","4.884","0.042","0.542","0.000","26.708","-0.014","55.110","-0.016","85.30%","-0.072","17.380","82.50%","0.450","19.866","61.70%","1.512","33.324","42.10%","1.170","59.737","66.40%","-0.072","29.503","45.00%","0.216","42.602","0.14","0.11","-0.392","0.005"
"â†“ Putting | For Course Setup - Î”Predâ†’ Î”Trendâ†’ | BucketSig â†‘ z=0.26 (-0.018) [Sâ†’ Mâ†“ Lâ†“ VLâ†‘]",27,"18634","McNealy, Maverick",7,20,"0.09","0.994","0.598","-0.191","298.317","0.000","58.54%","0.008","0.437","-0.025","0.062","-0.242","0.084","-0.355","0.290","0.445","-0.420","-0.878","69.16%","-0.009","65.87%","-0.004","3.060","-0.028","3.113","0.044","68.900","0.000","4.331","-0.007","0.102","0.000","31.465","0.032","58.969","-0.032","85.70%","0.000","16.374","83.40%","0.324","20.088","53.60%","-0.216","40.810","37.40%","0.666","63.564","72.40%","0.504","29.918","48.20%","0.162","45.884","0.09","0.08","-0.423","-0.009"
"đź’Ş SG Putting, Approach >200 FW Prox | đź‘Ť Good course fit | â†“ Approach | For Course Setup - Î”Predâ†’ Î”Trendâ†“ | BucketSig â†“ z=-0.87 (-0.309) [Sâ†‘ Mâ†‘ Lâ†“ VLâ†“]",28,"19396","Knapp, Jake",7,11,"0.06","1.017","1.249","0.083","299.386","0.000","57.67%","-0.008","0.501","0.208","0.157","-0.648","0.063","0.047","0.281","-0.056","1.122","0.051","68.03%","0.000","72.90%","-0.005","3.441","0.019","2.654","0.033","68.082","0.000","4.208","0.025","-0.240","0.000","30.489","-0.024","42.745","-0.026","87.70%","0.072","19.338","79.50%","0.072","21.685","61.00%","1.476","34.425","34.10%","-0.252","64.609","63.10%","-0.846","32.436","47.90%","0.090","44.085","0.06","0.10","-1.639","-0.076"
"âš ď¸Ź Poor course fit | â„ąď¸Ź Recent bucket trend strong (short-term) despite baseline fit | â†“ Tee-to-green | For Course Setup - Î”Predâ†’ Î”Trendâ†’ | BucketSig â†‘ z=0.34 (0.002) [Sâ†“ Mâ†‘ Lâ†“ VLâ†‘]",29,"21554","Poston, J.T.",10,19,"0.07","0.965","0.956","-0.264","290.121","0.000","66.43%","-0.012","0.365","-1.456","0.050","-1.074","-0.015","0.361","0.330","-0.291","0.305","0.458","71.07%","-0.022","62.58%","-0.015","3.064","0.020","3.188","0.045","67.841","0.004","5.121","-0.011","0.312","0.000","28.733","0.018","52.539","-0.016","80.90%","-0.990","19.490","80.30%","-0.234","21.256","56.90%","0.432","38.479","29.00%","1.026","58.899","74.20%","0.414","29.179","47.00%","0.378","46.047","0.07","0.05","-0.370","0.008"
"đź’Ş SG Putting, Approach >200 FW Prox | đź‘Ť Good course fit | â†‘ Off tee | For Course Setup - Î”Predâ†’ Î”Trendâ†’ | BucketSig â†‘ z=0.29 (-0.010) [Sâ†‘ Mâ†“ Lâ†“ VLâ†‘]",30,"10419","Noren, Alex",8,14,"0.07","0.969","0.788","0.080","287.325","-0.004","64.80%","-0.028","0.364","0.000","0.287","-0.076","0.229","0.254","-0.152","0.399","0.753","0.036","71.06%","-0.005","72.23%","0.036","2.939","-0.041","3.097","-0.016","68.035","0.000","4.265","-0.005","0.008","0.000","33.070","0.036","37.049","-0.016","80.30%","-1.674","20.222","76.10%","-0.036","21.332","49.70%","-0.648","42.832","39.40%","1.566","56.865","71.40%","0.342","29.776","41.90%","0.324","42.415","0.07","0.05","-0.081","-0.002"
"đź’Ş Approach >200 FW Prox | âš ď¸Ź Poor course fit | â„ąď¸Ź Recent bucket trend strong (short-term) despite baseline fit | â†“ Tee-to-green | For Course Setup - Î”Predâ†’ Î”Trendâ†’ | BucketSig â†‘ z=0.57 (0.062) [Sâ†“ Mâ†‘ Lâ†‘ VLâ†“]",31,"12808","Grillo, Emiliano",8,14,"0.05","0.940","-1.237","0.515","283.813","-0.005","61.87%","-0.018","-0.769","-5.717","-0.163","-0.225","-0.160","-0.552","-0.447","0.308","0.034","0.236","61.10%","0.000","64.55%","-0.015","3.305","0.006","4.919","0.000","70.833","0.000","3.577","-0.006","0.345","0.000","30.969","0.008","52.773","0.000","85.10%","0.594","16.219","81.60%","0.486","20.415","52.00%","0.144","38.933","34.50%","-0.270","58.540","70.60%","0.558","29.097","51.70%","0.882","40.019","0.05","0.00","0.305","0.033"
"đź’Ş Approach >200 FW Prox | âš ď¸Ź Poor course fit | â„ąď¸Ź Recent bucket trend strong (short-term) despite baseline fit | â†‘ Total game | For Course Setup - Î”Predâ†’ Î”Trendâ†’ | BucketSig â†‘ z=0.27 (-0.015) [Sâ†“ Mâ†‘ Lâ†“ VLâ†“]",32,"26096","Bhatia, Akshay",9,14,"0.03","0.985","0.281","0.852","285.007","-0.004","57.70%","-0.020","0.284","0.844","0.980","0.209","-0.284","-0.188","-0.412","-0.065","0.263","0.322","64.30%","0.000","66.31%","0.012","3.108","-0.018","4.344","-0.044","69.151","0.000","4.518","-0.006","0.214","0.000","28.073","0.000","43.630","-0.018","82.90%","-0.648","17.657","82.70%","0.558","20.201","57.90%","0.288","37.893","32.10%","0.108","63.850","71.30%","0.900","27.413","50.00%","0.792","41.458","0.03","0.05","-0.090","0.009"
"đź’Ş Approach >200 FW Prox, SG T2G | đź‘Ť Good course fit | â†‘ Off tee | For Course Setup - Î”Predâ†’ Î”Trendâ†’ | BucketSig â†“ z=-0.22 (-0.140) [Sâ†’ Mâ†“ Lâ†“ VLâ†‘]",33,"17646","Fitzpatrick, Matt",12,26,"0.01","0.949","-0.123","-0.126","288.262","0.000","64.30%","0.000","1.109","0.067","0.632","0.104","0.171","-0.132","0.306","1.016","-1.106","-0.968","68.34%","0.000","67.79%","-0.020","3.084","-0.035","3.811","0.040","69.608","0.000","3.534","-0.017","0.310","0.000","29.887","-0.012","45.756","-0.037","89.20%","0.828","15.255","77.60%","-0.378","21.549","56.70%","-0.450","46.122","34.00%","0.432","62.409","66.20%","-0.126","30.366","63.00%","1.944","39.231","0.01","0.06","-0.741","-0.022"
"đź’Ş Approach >200 FW Prox | âš ď¸Ź Poor course fit | â„ąď¸Ź Recent bucket trend strong (short-term) despite baseline fit | â†‘ Tee-to-green | For Course Setup - Î”Predâ†‘ Î”Trendâ†‘ | BucketSig â†‘ z=1.39 (0.272) [Sâ†‘ Mâ†‘ Lâ†“ VLâ†‘]",34,"23504","Hoey, Rico",4,10,"0.05","0.904","-0.210","1.130","294.811","0.000","56.18%","0.010","-0.100","1.176","-0.113","-0.735","-0.296","-0.009","0.309","-0.140","-0.690","0.127","69.52%","0.000","61.00%","-0.014","3.080","-0.040","3.198","0.010","69.777","0.004","3.555","-0.015","0.545","0.000","27.785","0.004","56.455","0.015","83.00%","-0.414","18.390","80.10%","-0.072","22.860","59.80%","0.792","36.850","40.80%","1.062","54.796","70.70%","1.008","27.963","50.60%","1.008","40.063","0.05","-0.07","0.499","0.069"
"đź’Ş Approach <100 GIR | âš ď¸Ź Poor course fit | â†‘ Putting | For Course Setup - Î”Predâ†’ Î”Trendâ†’ | BucketSig â†“ z=-0.10 (-0.109) [Sâ†“ Mâ†“ Lâ†“ VLâ†“]",35,"6093","Rose, Justin",7,17,"-0.00","0.946","-0.116","-0.154","286.074","0.000","65.37%","-0.026","0.045","-0.056","-0.022","-0.004","-0.247","0.724","0.313","-0.369","-0.330","1.853","65.63%","0.005","67.51%","0.000","2.389","-0.030","3.408","-0.015","69.777","0.004","3.848","-0.050","0.911","0.000","34.687","0.017","47.271","0.004","90.30%","1.026","15.851","82.40%","0.558","18.837","59.10%","0.216","40.534","42.70%","0.684","55.631","72.00%","0.648","27.439","46.50%","0.108","51.285","-0.00","0.08","-0.355","-0.013"
"đź’Ş Approach >200 FW Prox | âš ď¸Ź Poor course fit | â†“ Putting | For Course Setup - Î”Predâ†’ Î”Trendâ†’ | BucketSig â†“ z=-0.27 (-0.153) [Sâ†‘ Mâ†“ Lâ†“ VLâ†“]",36,"17365","Mitchell, Keith",5,18,"0.00","0.949","0.651","0.104","305.073","-0.003","58.10%","-0.032","0.385","0.000","-0.105","0.130","-0.348","-0.163","0.838","-0.063","-0.519","-4.770","74.39%","0.000","65.06%","0.012","3.452","0.015","3.195","-0.035","68.615","0.000","4.242","0.016","-0.235","0.000","29.524","0.000","49.750","-0.019","83.00%","-0.612","18.342","83.50%","0.720","21.502","54.40%","-0.216","40.990","34.60%","0.054","58.519","67.90%","-0.180","31.358","51.60%","0.360","42.239","0.00","0.04","-0.648","0.007"
"đź’Ş Approach >200 FW Prox | âš ď¸Ź Poor course fit | â„ąď¸Ź Recent bucket trend strong (short-term) despite baseline fit | â†“ Around green | For Course Setup - Î”Predâ†’ Î”Trendâ†’ | BucketSig â†‘ z=0.03 (-0.076) [Sâ†“ Mâ†“ Lâ†“ VLâ†‘]",37,"17511","Straka, Sepp",16,24,"-0.00","0.973","0.098","0.450","286.505","0.000","67.93%","-0.016","0.725","-1.248","1.369","-0.714","-0.565","-2.515","-0.079","-0.844","-1.082","0.207","67.58%","-0.009","56.59%","-0.046","3.611","-0.058","3.785","0.082","69.328","0.005","4.229","-0.041","0.973","0.000","30.060","-0.009","48.526","-0.036","81.10%","0.738","16.441","85.10%","1.044","17.379","46.30%","-0.270","42.882","32.30%","-0.144","57.262","74.10%","0.954","27.300","57.60%","0.846","39.666","-0.00","0.05","-0.580","-0.025"
"đź’Ş SG Around Green, SG Putting | âś… Strong course fit | â†“ Around green | For Course Setup - Î”Predâ†’ Î”Trendâ†’ | BucketSig â†‘ z=0.49 (0.041) [Sâ†“ Mâ†“ Lâ†“ VLâ†‘]",38,"23014","Theegala, Sahith",13,24,"0.01","1.014","0.851","-0.058","289.080","0.000","55.14%","0.000","0.220","-0.068","0.209","-0.015","0.566","-0.206","-0.556","-0.171","0.805","-0.026","67.84%","0.000","75.00%","0.004","3.623","-0.015","3.354","-0.033","68.581","0.000","4.463","-0.035","-0.464","0.000","28.299","-0.012","47.939","-0.017","84.80%","-0.324","17.944","81.70%","-0.162","21.993","50.60%","-0.414","36.953","32.20%","0.126","60.760","66.50%","-0.054","29.578","48.70%","0.648","41.649","0.01","-0.04","-0.084","0.009"
"đź’Ş SG Around Green, Approach <100 GIR | đź‘Ť Good course fit | â†‘ Total game | For Course Setup - Î”Predâ†‘ Î”Trendâ†‘ | BucketSig â†‘ z=1.38 (0.271) [Sâ†‘ Mâ†‘ Lâ†‘ VLâ†“]",39,"15556","Hughes, Mackenzie",7,14,"0.03","0.913","0.459","4.596","289.073","-0.004","55.64%","-0.033","0.659","-0.160","0.201","0.447","0.661","-0.045","-0.203","0.557","-0.458","-1.516","71.51%","0.000","78.84%","0.025","2.727","0.046","3.101","-0.017","68.476","0.000","3.953","0.006","-0.549","0.000","29.844","0.005","52.523","0.057","90.10%","0.108","16.798","81.60%","-0.270","22.231","53.60%","0.144","41.380","35.60%","0.792","63.220","67.30%","-0.288","33.785","47.80%","-0.450","47.508","0.03","-0.09","1.131","0.114"
"đź’Ş SG Putting, SG T2G | đź‘Ť Good course fit | â†‘ Putting | For Course Setup - Î”Predâ†’ Î”Trendâ†’ | BucketSig â†“ z=-0.21 (-0.138) [Sâ†‘ Mâ†“ Lâ†“ VLâ†‘]",40,"25569","Stevens, Sam",5,11,"-0.03","0.997","1.009","0.042","298.039","-0.003","57.35%","-0.011","0.900","-0.057","0.747","-0.007","-0.057","-0.109","0.210","-0.083","0.725","1.320","74.18%","0.004","70.14%","-0.006","3.352","0.034","3.908","0.056","68.176","0.000","4.530","0.008","-0.868","0.000","26.661","-0.004","49.416","-0.010","86.50%","0.108","17.800","81.80%","-0.234","21.844","44.00%","-1.260","40.710","32.40%","-0.126","67.475","70.40%","-0.144","30.830","47.60%","-0.108","45.711","-0.03","0.05","-0.740","-0.032"
"â†‘ Tee-to-green | For Course Setup - Î”Predâ†’ Î”Trendâ†’ | BucketSig â†“ z=-0.13 (-0.118) [Sâ†“ Mâ†“ Lâ†“ VLâ†‘]",41,"17780","Pendrith, Taylor",7,18,"-0.03","0.929","0.854","-0.979","301.457","0.000","56.60%","0.000","0.407","3.584","-0.066","0.242","0.155","-0.760","0.318","-0.063","-0.040","-0.164","68.34%","0.000","63.49%","-0.032","3.692","0.021","2.843","0.025","68.442","0.004","4.474","-0.018","-0.392","0.000","31.726","0.000","52.794","0.009","82.40%","-0.684","18.852","81.20%","0.054","22.084","53.70%","0.270","40.594","34.10%","0.630","65.462","73.90%","0.522","29.663","44.20%","-0.360","46.445","-0.03","0.05","-0.515","-0.030"
"đź’Ş SG Putting, Approach >200 FW Prox | đź‘Ť Good course fit | â†‘ Around green | For Course Setup - Î”Predâ†’ Î”Trendâ†’ | BucketSig â†‘ z=0.52 (0.049) [Sâ†“ Mâ†“ Lâ†’ VLâ†‘]",42,"12965","Fowler, Rickie",4,12,"-0.03","0.983","-0.353","-0.093","286.204","0.000","66.31%","0.000","-0.404","-0.213","0.150","-0.142","-0.454","0.455","-0.099","0.052","0.779","0.036","63.35%","0.013","68.39%","-0.025","2.776","0.016","3.548","0.042","69.872","0.000","3.571","0.005","0.335","0.000","28.741","-0.009","53.604","0.035","83.10%","0.036","17.361","80.30%","0.540","21.062","59.50%","1.188","33.356","34.40%","0.018","64.904","63.50%","-0.342","31.147","51.30%","0.648","41.608","-0.03","-0.09","0.033","0.017"
"đź’Ş SG Around Green, Approach >200 FW Prox | âś… Strong course fit | â„ąď¸Ź Recent bucket trend weak (short-term) despite baseline fit | â†“ Putting | For Course Setup - Î”Predâ†’ Î”Trendâ†’ | BucketSig â†“ z=-0.08 (-0.104) [Sâ†“ Mâ†“ Lâ†‘ VLâ†“]",43,"16394","Jaeger, Stephan",7,12,"-0.09","0.950","0.031","-0.207","294.086","0.000","53.51%","-0.022","0.435","0.020","0.468","0.341","0.728","-0.166","-0.761","-0.024","-0.182","-0.849","65.81%","-0.006","71.27%","-0.005","3.365","-0.028","2.998","0.036","69.288","0.003","4.191","-0.036","-0.099","0.000","29.198","-0.015","49.021","0.077","88.50%","1.224","15.695","77.20%","-0.036","20.618","50.80%","0.072","40.338","36.10%","1.134","61.406","72.60%","0.396","29.142","46.10%","-0.288","43.178","-0.09","0.03","0.494","-0.070"
"đź’Ş SG Putting | đź‘Ť Good course fit | â†“ Off tee | For Course Setup - Î”Predâ†’ Î”Trendâ†’ | BucketSig â†‘ z=0.08 (-0.064) [Sâ†“ Mâ†“ Lâ†“ VLâ†‘]",44,"16283","Rodgers, Patrick",7,15,"-0.08","0.938","1.200","-0.128","294.950","-0.005","56.56%","-0.036","0.667","-0.265","0.126","0.103","0.147","-0.320","0.394","-0.619","0.410","0.009","71.40%","-0.020","66.86%","0.000","3.736","-0.007","2.679","0.051","67.988","0.000","4.591","-0.013","-0.550","0.000","29.032","-0.023","53.338","-0.030","82.20%","-1.134","19.173","76.70%","-0.162","21.853","53.80%","-0.234","38.572","37.50%","0.648","60.426","67.40%","0.360","30.039","43.90%","-0.378","46.104","-0.08","-0.01","-0.365","-0.016"
"â†‘ Approach | For Course Setup - Î”Predâ†’ Î”Trendâ†’ | BucketSig â†‘ z=0.35 (0.006) [Sâ†‘ Mâ†“ Lâ†“ VLâ†‘]",45,"26651","Young, Cameron",14,27,"-0.07","0.969","-0.219","0.073","294.422","-0.003","53.63%","-0.010","-0.203","0.096","-0.257","0.263","0.166","-0.083","-0.111","-0.005","0.172","0.012","64.13%","0.013","67.10%","0.014","4.098","0.004","4.816","-0.018","69.682","0.000","4.441","0.014","-0.340","0.000","32.648","-0.015","42.454","0.009","85.00%","-0.288","17.051","78.00%","0.288","21.112","59.70%","0.522","38.000","37.00%","0.756","60.941","67.40%","0.180","28.490","41.10%","-0.900","48.139","-0.07","-0.05","-0.293","0.016"
"â†‘ Tee-to-green | For Course Setup - Î”Predâ†’ Î”Trendâ†’ | BucketSig â†“ z=-0.24 (-0.146) [Sâ†“ Mâ†“ Lâ†“ VLâ†‘]",46,"27194","Hall, Harry",2,11,"-0.13","0.972","0.629","-0.365","297.289","0.000","61.22%","0.000","0.195","4.761","-0.117","0.132","0.262","0.008","0.049","0.509","-0.359","-0.229","72.10%","0.000","71.78%","-0.008","3.426","-0.023","3.812","0.084","68.644","0.005","4.191","-0.025","-0.724","0.000","30.030","0.011","50.930","-0.009","86.10%","0.900","16.441","79.40%","0.126","21.330","57.50%","0.198","38.942","35.20%","-0.360","72.299","65.10%","-0.306","32.281","41.00%","-0.450","45.922","-0.13","0.00","-0.563","-0.035"
"đź’Ş Approach >200 FW Prox | âš ď¸Ź Poor course fit | â„ąď¸Ź Recent bucket trend strong (short-term) despite baseline fit | â†“ Approach | For Course Setup - Î”Predâ†’ Î”Trendâ†’ | BucketSig â†‘ z=0.16 (-0.044) [Sâ†“ Mâ†‘ Lâ†“ VLâ†‘]",47,"23950","Aberg, Ludvig",10,19,"-0.10","0.953","-0.018","0.084","294.422","0.000","55.68%","-0.027","0.099","0.028","-0.203","-0.829","0.159","0.052","0.143","-0.084","-0.038","-0.180","62.65%","0.011","68.28%","-0.020","2.937","0.029","3.523","0.040","69.338","0.000","4.082","0.012","-0.976","0.000","29.073","-0.016","45.206","-0.024","81.10%","-0.828","18.012","79.40%","-0.054","19.991","51.00%","-0.450","39.860","30.60%","-0.504","77.391","70.70%","0.810","27.385","48.90%","0.486","37.917","-0.10","-0.06","-0.533","-0.014"
"đź’Ş Approach >200 FW Prox, Approach <100 GIR | đź‘Ť Good course fit | â†“ Off tee | For Course Setup - Î”Predâ†’ Î”Trendâ†’ | BucketSig â†‘ z=0.40 (0.019) [Sâ†‘ Mâ†“ Lâ†‘ VLâ†‘]",48,"12423","Kirk, Chris",8,14,"-0.09","0.924","-0.352","-0.239","289.459","0.000","57.69%","-0.015","0.653","-0.078","0.686","-0.036","-0.117","-0.052","0.084","-0.612","-1.684","0.346","72.94%","-0.003","63.86%","-0.025","2.294","0.000","3.224","0.023","69.650","0.005","3.682","-0.014","0.041","0.000","29.448","0.008","52.503","0.032","89.50%","0.630","16.008","84.60%","1.530","18.150","56.70%","0.684","36.428","32.10%","-0.360","67.191","66.90%","-0.090","29.948","53.50%","0.918","41.355","-0.09","-0.11","0.218","0.008"
"đź’Ş SG Around Green, Approach >200 FW Prox | đź‘Ť Good course fit | â†‘ Putting | For Course Setup - Î”Predâ†‘ Î”Trendâ†‘ | BucketSig â†‘ z=1.54 (0.311) [Sâ†“ Mâ†‘ Lâ†‘ VLâ†‘]",49,"18474","Smalley, Alex",8,13,"-0.08","0.960","0.095","-0.053","290.705","0.000","53.10%","-0.027","0.385","0.168","-0.029","0.110","0.516","0.310","-0.102","0.516","-0.595","0.551","69.91%","0.010","67.68%","0.031","3.224","-0.042","3.905","-0.047","69.282","0.000","3.922","-0.033","-0.336","0.000","29.565","-0.010","54.733","0.032","80.10%","-1.026","17.894","80.30%","-0.144","21.367","55.20%","-0.216","38.455","41.00%","0.828","56.866","63.50%","-0.378","30.981","51.80%","1.008","41.017","-0.08","-0.16","0.709","0.063"
"đź’Ş Approach >200 FW Prox, Approach <100 GIR | đź‘Ť Good course fit | â†‘ Around green | For Course Setup - Î”Predâ†’ Î”Trendâ†“ | BucketSig â†“ z=-0.79 (-0.286) [Sâ†“ Mâ†“ Lâ†“ VLâ†‘]",50,"7399","Glover, Lucas",11,14,"-0.14","0.878","-1.018","-0.920","278.637","-0.005","69.55%","0.017","-0.316","-0.489","0.035","-0.219","-0.350","4.707","-0.001","-0.275","0.250","-0.206","63.76%","-0.007","62.54%","-0.023","2.689","-0.029","3.695","0.010","70.571","0.004","3.304","-0.053","0.484","0.000","29.524","0.005","79.262","0.094","90.80%","0.198","15.254","82.90%","1.026","18.701","54.90%","1.548","36.407","28.60%","0.072","73.978","70.90%","0.828","27.472","42.50%","-0.450","43.962","-0.14","-0.02","-1.136","-0.071"
"đź’Ş SG Around Green, Approach >200 FW Prox | đź‘Ť Good course fit | â†“ Off tee | For Course Setup - Î”Predâ†’ Î”Trendâ†’ | BucketSig â†‘ z=0.35 (0.006) [Sâ†“ Mâ†“ Lâ†“ VLâ†‘]",51,"13126","Taylor, Nick",6,11,"-0.13","0.945","0.476","-0.054","288.275","0.000","59.77%","-0.022","0.486","0.129","0.247","-0.132","0.355","0.227","-0.117","-0.923","0.008","-0.669","72.60%","-0.009","66.01%","0.006","2.630","0.014","2.900","0.062","68.812","0.000","3.798","-0.021","-0.322","0.000","27.431","-0.015","51.977","-0.037","80.30%","-0.180","19.150","83.10%","0.036","21.725","52.00%","-0.702","34.960","29.30%","-0.018","66.422","72.10%","0.216","28.832","54.00%","0.774","43.427","-0.13","-0.10","-0.265","-0.003"
"đź’Ş SG Putting, Approach >200 FW Prox | đź‘Ť Good course fit | â†“ Off tee | For Course Setup - Î”Predâ†“ Î”Trendâ†“ | BucketSig â†“ z=-0.83 (-0.297) [Sâ†“ Mâ†“ Lâ†“ VLâ†‘]",52,"14636","Spieth, Jordan",11,21,"-0.15","0.919","0.649","-1.066","294.531","0.000","52.11%","-0.020","0.096","0.116","-0.025","-0.013","0.182","-1.031","-0.060","-4.173","1.058","1.462","67.73%","0.000","67.81%","0.029","2.572","-0.021","2.320","-0.040","68.673","0.000","3.848","-0.009","-0.518","0.000","32.337","0.014","43.803","-0.055","86.20%","0.288","15.942","79.00%","-0.306","21.554","55.30%","0.378","37.394","35.20%","0.198","61.093","64.60%","-0.396","31.744","46.20%","-0.090","39.729","-0.15","-0.05","-1.451","-0.078"
"đź’Ş Approach >200 FW Prox | âš ď¸Ź Poor course fit | â†‘ Total game | For Course Setup - Î”Predâ†’ Î”Trendâ†’ | BucketSig â†“ z=-0.25 (-0.149) [Sâ†“ Mâ†“ Lâ†“ VLâ†‘]",53,"13872","Bradley, Keegan",12,20,"-0.18","0.958","-0.276","5.181","293.408","0.000","67.02%","-0.021","0.485","0.135","-0.107","0.094","0.053","0.717","0.539","-0.317","-1.539","0.864","69.10%","-0.009","63.55%","-0.004","2.929","-0.038","4.006","0.033","69.928","0.004","3.721","-0.030","-0.165","0.000","31.089","0.007","45.997","-0.014","76.80%","-0.774","18.690","84.50%","0.666","18.748","56.60%","0.144","37.357","30.20%","-0.648","71.727","68.90%","0.630","27.583","50.80%","0.432","43.029","-0.18","-0.03","-0.845","-0.041"
"đź’Ş Approach >200 FW Prox | âš ď¸Ź Poor course fit | â„ąď¸Ź Recent bucket trend strong (short-term) despite baseline fit | â†“ Off tee | For Course Setup - Î”Predâ†’ Î”Trendâ†’ | BucketSig â†‘ z=0.30 (-0.006) [Sâ†“ Mâ†“ Lâ†“ VLâ†‘]",54,"28635","McCarty, Matt",4,5,"-0.15","1.017","-0.035","-0.090","291.664","-0.004","61.56%","-0.023","-0.016","-0.272","0.403","0.050","-0.491","-0.075","0.067","-0.512","0.385","-0.052","68.76%","-0.013","61.13%","0.000","2.863","-0.023","3.432","0.020","69.486","0.000","4.140","-0.010","-0.259","0.000","28.829","-0.013","54.125","-0.032","83.10%","0.306","16.169","77.20%","-0.198","22.623","58.50%","0.792","36.546","35.70%","-0.036","66.310","66.70%","0.378","28.584","45.10%","-0.468","43.683","-0.15","-0.12","-0.203","0.002"
"đź’Ş SG Around Green, Approach <100 GIR | đź‘Ť Good course fit | â†“ Putting | For Course Setup - Î”Predâ†’ Î”Trendâ†’ | BucketSig â†“ z=-0.64 (-0.248) [Sâ†“ Mâ†“ Lâ†“ VLâ†“]",55,"16841","Lee, Min Woo",4,8,"-0.19","0.966","0.539","0.041","300.161","0.000","61.32%","0.020","0.250","-0.215","-1.111","0.039","0.681","0.089","0.680","0.300","0.359","-0.417","62.73%","0.000","67.15%","-0.020","2.941","0.018","3.840","0.042","68.998","0.000","4.298","0.008","-1.472","0.000","33.264","0.000","63.606","0.030","90.20%","0.270","15.452","75.80%","-0.126","21.873","46.20%","-1.584","45.384","28.00%","-1.440","72.350","68.10%","-0.234","30.420","46.30%","-0.360","48.543","-0.19","-0.04","-0.766","-0.070"
"đź’Ş SG Putting | đź‘Ť Good course fit | â†‘ Approach | For Course Setup - Î”Predâ†’ Î”Trendâ†’ | BucketSig â†‘ z=0.44 (0.029) [Sâ†“ Mâ†“ Lâ†“ VLâ†‘]",56,"27900","Potgieter, Aldrich",3,4,"-0.16","0.931","0.458","-0.503","308.340","0.000","51.24%","-0.011","0.336","-0.523","0.212","16.309","-0.381","-0.040","0.506","0.978","0.553","-2.053","70.55%","0.021","53.48%","-0.024","5.141","0.042","4.267","0.013","69.183","-0.004","4.050","0.029","-1.229","0.000","27.432","-0.028","51.395","-0.026","77.80%","-0.810","19.484","79.90%","0.504","20.497","53.50%","-0.666","39.492","28.50%","-0.180","66.991","69.60%","-0.018","30.864","48.40%","0.018","45.196","-0.16","-0.15","-0.091","0.017"
"đź’Ş SG Putting, Approach >200 FW Prox | đź‘Ť Good course fit | â†“ Approach | For Course Setup - Î”Predâ†’ Î”Trendâ†’ | BucketSig â†‘ z=0.08 (-0.063) [Sâ†‘ Mâ†“ Lâ†“ VLâ†‘]",57,"23475","Novak, Andrew",5,14,"-0.19","0.934","0.440","0.850","293.176","-0.003","55.87%","-0.007","-0.285","0.317","0.228","-1.102","-0.211","0.112","-0.302","0.060","0.907","0.466","66.54%","-0.012","66.47%","-0.010","3.195","0.009","3.701","0.023","68.370","0.000","5.142","-0.019","-0.781","0.000","27.293","0.003","45.665","-0.025","87.30%","0.558","15.755","77.80%","-0.144","21.317","51.30%","-0.738","42.762","29.10%","-0.270","68.916","67.30%","0.108","29.161","45.90%","0.090","41.026","-0.19","-0.11","-0.541","-0.007"
"âš ď¸Ź Poor course fit | â„ąď¸Ź Recent bucket trend strong (short-term) despite baseline fit | â†‘ Putting | For Course Setup - Î”Predâ†’ Î”Trendâ†’ | BucketSig â†‘ z=0.59 (0.068) [Sâ†‘ Mâ†‘ Lâ†“ VLâ†“]",58,"22833","Echavarria, Nico",6,9,"-0.16","0.954","0.108","0.658","282.753","0.000","59.99%","-0.017","-0.018","-0.999","-0.135","-0.703","-0.028","-0.648","0.145","-0.012","-0.404","1.136","69.15%","0.014","66.47%","0.056","2.890","-0.023","2.954","-0.138","69.303","-0.004","3.900","0.004","-0.346","0.000","30.222","-0.006","51.546","-0.020","80.30%","-0.954","17.387","77.10%","-0.612","22.029","60.50%","1.152","34.255","34.80%","0.306","59.651","71.90%","0.486","28.277","43.50%","-0.216","45.603","-0.16","-0.19","-0.114","0.019"
"âš ď¸Ź Poor course fit | â„ąď¸Ź Recent bucket trend strong (short-term) despite baseline fit | â†“ Total game | For Course Setup - Î”Predâ†’ Î”Trendâ†’ | BucketSig â†‘ z=0.25 (-0.020) [Sâ†“ Mâ†“ Lâ†“ VLâ†‘]",59,"17543","Kim, Michael",5,11,"-0.21","0.970","0.091","-1.278","290.930","0.000","56.72%","0.000","-0.381","-0.541","0.127","-0.952","0.108","0.130","-0.616","-0.285","-0.854","-0.650","64.60%","-0.007","64.99%","-0.026","3.854","-0.051","3.892","0.058","69.321","0.000","4.241","0.021","0.045","0.000","32.087","0.023","44.228","0.018","82.80%","0.198","16.384","80.10%","0.684","18.936","54.80%","0.432","36.372","39.80%","1.044","57.925","67.30%","-0.126","30.560","46.00%","-0.144","45.294","-0.21","-0.18","-0.292","-0.010"
"đź’Ş Approach >200 FW Prox, Approach <100 GIR | đź‘Ť Good course fit | â†“ Around green | For Course Setup - Î”Predâ†’ Î”Trendâ†’ | BucketSig â†“ z=-0.04 (-0.095) [Sâ†‘ Mâ†“ Lâ†“ VLâ†‘]",60,"14502","Cauley, Bud",4,5,"-0.24","0.931","-0.432","0.351","292.131","0.000","59.88%","-0.011","-0.013","1.138","-0.011","1.166","0.044","-1.320","-0.046","0.129","-0.674","0.040","70.82%","-0.013","64.21%","-0.018","2.668","-0.037","3.306","0.044","69.718","0.004","3.912","-0.026","-0.122","0.000","30.539","0.014","54.674","-0.024","88.50%","1.368","15.452","83.70%","0.684","19.313","48.00%","-0.792","39.165","32.70%","0.216","64.601","72.20%","0.522","29.907","45.20%","-0.090","43.729","-0.24","-0.13","-0.526","-0.022"
"âš ď¸Ź Poor course fit | â†“ Tee-to-green | For Course Setup - Î”Predâ†’ Î”Trendâ†’ | BucketSig â†“ z=-0.24 (-0.147) [Sâ†“ Mâ†“ Lâ†“ VLâ†‘]",61,"19483","Burns, Sam",9,23,"-0.24","0.940","0.061","-0.328","292.462","0.000","62.98%","-0.031","-0.055","-3.109","-0.177","-0.350","-0.268","0.079","0.390","-0.401","-0.123","-0.135","66.93%","0.000","64.36%","-0.030","3.379","-0.033","4.259","0.046","69.571","0.005","4.053","-0.037","-0.695","0.000","35.502","0.014","47.324","-0.034","80.60%","-0.180","17.412","80.00%","0.414","19.713","55.80%","0.036","40.113","31.40%","-0.378","69.620","67.90%","0.126","29.871","43.70%","-0.666","47.330","-0.24","-0.15","-0.826","-0.037"
"đź’Ş Approach >200 FW Prox, Approach <100 GIR | đź‘Ť Good course fit | â†‘ Putting | For Course Setup - Î”Predâ†’ Î”Trendâ†’ | BucketSig â†“ z=-0.78 (-0.284) [Sâ†‘ Mâ†“ Lâ†“ VLâ†“]",62,"23505","McGreevy, Max",6,7,"-0.29","0.957","0.571","-0.167","285.273","-0.005","66.62%","0.009","0.800","0.033","0.623","0.011","0.021","0.107","0.156","0.037","-0.953","0.413","76.19%","-0.010","58.27%","-0.014","1.866","-0.024","3.209","0.048","68.888","0.000","4.081","-0.022","0.260","0.000","27.106","0.000","57.202","0.000","91.70%","0.990","18.056","81.30%","0.036","21.172","57.00%","-0.450","39.269","34.30%","0.486","52.327","64.10%","-0.288","31.267","51.30%","0.360","41.441","-0.29","-0.12","-0.810","-0.032"
"đź’Ş Approach <100 GIR | âš ď¸Ź Poor course fit | â„ąď¸Ź Recent bucket trend strong (short-term) despite baseline fit | â†‘ Around green | For Course Setup - Î”Predâ†’ Î”Trendâ†’ | BucketSig â†‘ z=0.00 (-0.084) [Sâ†“ Mâ†‘ Lâ†“ VLâ†‘]",63,"8825","Harman, Brian",12,21,"-0.28","0.909","-0.907","0.249","290.567","-0.004","61.04%","0.000","-0.565","0.263","-0.560","0.529","-0.018","0.586","0.014","-0.064","-0.304","0.179","69.53%","-0.006","61.97%","-0.014","2.555","-0.053","3.153","0.014","70.046","0.004","3.748","-0.044","-0.040","0.000","31.852","0.000","60.041","-0.013","91.50%","1.620","14.439","80.30%","0.396","20.525","57.60%","0.144","37.294","35.50%","0.162","67.199","66.60%","-0.126","29.142","47.80%","-0.378","46.797","-0.28","-0.20","-0.616","-0.023"
"âš ď¸Ź Poor course fit | â†“ Around green | For Course Setup - Î”Predâ†’ Î”Trendâ†’ | BucketSig â†“ z=-0.01 (-0.087) [Sâ†“ Mâ†“ Lâ†“ VLâ†‘]",64,"22760","Hisatsune, Ryo",4,9,"-0.30","0.983","-0.574","-0.403","287.597","0.000","56.56%","-0.019","0.577","-0.173","0.168","0.040","0.260","-0.703","0.149","-0.152","-0.805","0.521","69.65%","-0.012","64.30%","-0.025","3.430","0.008","3.316","0.111","70.204","0.000","3.867","-0.004","-0.342","0.000","28.465","-0.010","59.685","-0.016","79.40%","-1.944","20.578","85.00%","-0.216","21.936","62.30%","0.558","36.770","37.10%","0.144","62.176","72.50%","0.738","29.358","45.50%","0.072","44.795","-0.30","-0.19","-0.440","-0.017"
"đź’Ş Approach >200 FW Prox | âš ď¸Ź Poor course fit | â†‘ Around green | For Course Setup - Î”Predâ†’ Î”Trendâ†’ | BucketSig â†“ z=-0.01 (-0.088) [Sâ†‘ Mâ†“ Lâ†“ VLâ†‘]",65,"11676","Finau, Tony",13,20,"-0.32","0.927","-0.765","-0.125","292.261","0.000","59.64%","-0.008","-0.665","-0.113","-0.764","-0.013","0.181","0.583","-0.081","0.040","0.093","-0.525","61.16%","0.009","61.47%","0.005","3.360","0.036","3.882","0.018","70.367","0.000","3.932","0.029","-0.221","0.000","32.321","0.000","44.963","0.019","81.90%","-0.684","18.522","82.90%","0.162","19.899","49.00%","-1.026","41.256","35.40%","0.468","54.455","69.90%","0.378","29.661","47.60%","0.126","41.992","-0.32","-0.19","-0.448","-0.018"
"đź’Ş Approach >200 FW Prox, Approach <100 GIR | đź‘Ť Good course fit | â†“ Approach | For Course Setup - Î”Predâ†’ Î”Trendâ†’ | BucketSig â†“ z=-0.07 (-0.103) [Sâ†“ Mâ†“ Lâ†‘ VLâ†‘]",66,"26657","Fisk, Steven",2,2,"-0.36","0.886","0.045","0.028","284.564","0.000","56.34%","-0.009","-0.474","-1.469","-0.384","-8.661","-0.032","0.201","-0.058","-0.186","-0.917","-2.446","66.24%","-0.014","65.57%","0.024","2.954","-0.042","3.798","-0.017","69.652","0.000","4.021","-0.026","0.046","0.000","32.720","0.005","48.080","0.000","92.40%","1.314","15.280","85.80%","-0.018","23.091","50.00%","-0.792","45.830","37.80%","1.260","50.858","70.10%","-0.144","32.817","44.30%","0.072","42.176","-0.36","-0.21","0.082","-0.023"
"đź’Ş Approach >200 FW Prox | âš ď¸Ź Poor course fit | â†“ Total game | For Course Setup - Î”Predâ†’ Î”Trendâ†’ | BucketSig â†“ z=-0.35 (-0.173) [Sâ†“ Mâ†“ Lâ†“ VLâ†‘]",67,"19870","McCarthy, Denny",6,18,"-0.36","0.898","-0.192","-14.878","290.095","-0.004","57.78%","-0.010","-0.588","0.317","-0.416","0.777","-0.206","-0.477","0.033","0.455","-0.020","-0.108","71.11%","-0.012","61.09%","0.019","2.109","-0.064","2.716","0.047","69.345","0.000","3.900","-0.018","-0.114","0.000","31.298","0.004","50.658","0.025","87.40%","-0.558","18.717","85.10%","-0.198","20.940","57.30%","0.738","34.557","33.30%","0.018","66.818","72.80%","0.486","30.686","47.90%","0.180","44.573","-0.36","-0.25","-0.953","-0.054"
"đź’Ş Approach >200 FW Prox | â†“ Around green | For Course Setup - Î”Predâ†“ Î”Trendâ†“ | BucketSig â†“ z=-6.45 (-1.743) [Sâ†’ Mâ†“ Lâ†“ VLâ†“]",68,"22465","Penge, Marco",1,1,"-0.42","0.937","-0.356","0.276","309.875","-0.004","51.82%","-0.004","0.101","-0.266","-0.518","0.072","0.166","-0.402","0.453","-0.087","-0.300","0.025","61.15%","-0.005","59.69%","0.017","3.429","-0.041","4.010","0.000","70.326","0.000","4.131","0.000","-1.054","0.000","30.860","-0.015","59.677","0.003","85.90%","-0.918","19.264","66.40%","-2.016","28.330","60.20%","1.062","33.429","35.70%","-0.558","58.850","73.50%","0.954","29.162","39.10%","0.576","40.844","-0.42","-0.18","-7.143","-0.913"
"đź’Ş Approach >200 FW Prox | âš ď¸Ź Poor course fit | â†‘ Tee-to-green | For Course Setup - Î”Predâ†“ Î”Trendâ†“ | BucketSig â†“ z=-1.05 (-0.353) [Sâ†“ Mâ†“ Lâ†“ VLâ†“]",69,"17881","Yu, Kevin",6,11,"-0.41","0.928","-0.019","-0.304","285.260","-0.005","56.98%","-0.033","0.396","1.888","-0.533","-0.340","0.074","0.041","0.855","-0.156","-0.952","-0.948","67.51%","-0.017","59.40%","-0.041","3.004","-0.052","2.661","0.041","70.315","0.000","3.939","-0.013","-0.992","0.000","32.757","0.023","56.989","-0.007","79.90%","-0.846","18.770","84.70%","0.126","22.053","47.90%","-0.846","41.855","27.90%","-1.098","62.729","72.10%","0.324","29.064","52.30%","1.008","39.950","-0.41","-0.28","-1.324","-0.160"
"đź’Ş Approach >200 FW Prox | âš ď¸Ź Poor course fit | â†‘ Total game | For Course Setup - Î”Predâ†’ Î”Trendâ†’ | BucketSig â†“ z=-0.31 (-0.165) [Sâ†“ Mâ†“ Lâ†“ VLâ†‘]",70,"15575","Hoge, Tom",9,18,"-0.41","0.970","-0.367","5.710","289.579","0.000","57.16%","-0.017","-0.429","0.192","-0.014","0.889","-0.238","0.005","-0.176","0.218","-0.538","1.220","64.13%","-0.008","66.27%","-0.012","2.624","-0.042","3.614","0.067","69.769","0.005","3.866","-0.034","-0.381","0.000","29.056","0.027","51.489","0.011","79.00%","0.126","17.014","74.50%","0.522","19.176","58.90%","0.198","37.400","33.90%","0.666","59.761","64.00%","-0.270","28.477","47.60%","0.378","42.369","-0.41","-0.28","-0.704","-0.070"
"âš ď¸Ź Poor course fit | â„ąď¸Ź Recent bucket trend strong (short-term) despite baseline fit | â†‘ Off tee | For Course Setup - Î”Predâ†’ Î”Trendâ†’ | BucketSig â†‘ z=0.02 (-0.080) [Sâ†‘ Mâ†“ Lâ†“ VLâ†‘]",71,"9771","Day, Jason",8,18,"-0.43","1.017","-0.670","-0.706","284.158","-0.004","63.87%","-0.027","-0.850","-0.761","-0.719","0.416","0.061","-0.131","-0.191","5.056","-0.294","-0.507","65.93%","-0.011","61.69%","-0.007","3.157","-0.058","4.509","0.031","70.542","0.005","3.801","-0.061","-0.236","0.000","33.040","0.000","54.136","-0.031","87.20%","1.440","12.609","82.20%","0.450","19.599","59.60%","0.846","36.939","28.70%","-0.558","68.379","70.40%","-0.612","33.258","47.60%","-0.216","52.604","-0.43","-0.27","-0.377","-0.019"
"đź’Ş Approach >200 FW Prox | âš ď¸Ź Poor course fit | â†‘ Putting | For Course Setup - Î”Predâ†’ Î”Trendâ†’ | BucketSig â†“ z=-0.08 (-0.105) [Sâ†“ Mâ†“ Lâ†“ VLâ†‘]",72,"23604","Clark, Wyndham",11,21,"-0.47","0.969","0.004","-1.395","290.407","0.000","57.96%","-0.008","0.015","0.027","0.088","-1.204","0.182","0.312","-0.256","-0.256","-1.558","1.501","62.51%","-0.013","72.08%","-0.009","3.347","-0.018","3.398","0.061","69.532","0.000","4.798","0.009","-0.959","0.000","28.581","0.015","49.336","-0.011","79.00%","-0.054","16.788","78.60%","0.252","21.283","54.80%","-0.126","39.742","26.60%","-0.972","70.387","70.50%","0.360","28.929","54.10%","0.414","44.111","-0.47","-0.29","-0.398","-0.028"
"đź’Ş Approach >200 FW Prox | âš ď¸Ź Poor course fit | â†‘ Off tee | For Course Setup - Î”Predâ†“ Î”Trendâ†“ | BucketSig â†“ z=-3.04 (-0.865) [Sâ†“ Mâ†“ Lâ†“ VLâ†“]",73,"20722","Schmid, Matti",4,12,"-0.52","0.946","-0.091","-0.540","288.352","0.000","52.55%","-0.004","-0.680","-0.369","-0.694","-0.235","-0.123","-0.163","0.137","0.978","0.266","0.191","65.58%","0.020","59.96%","0.010","3.822","0.071","3.639","-0.089","70.277","-0.004","3.644","0.015","-0.945","0.000","33.088","-0.007","49.609","-0.011","79.00%","-1.296","18.727","71.50%","-0.918","24.881","55.00%","-0.468","41.605","31.90%","0.054","57.930","75.10%","0.576","29.690","53.90%","0.558","40.851","-0.52","-0.35","-2.959","-0.306"
"âš ď¸Ź Poor course fit | â†“ Approach | For Course Setup - Î”Predâ†’ Î”Trendâ†’ | BucketSig â†“ z=-0.18 (-0.130) [Sâ†“ Mâ†“ Lâ†“ VLâ†‘]",74,"23465","Greyserman, Max",6,8,"-0.56","0.967","-0.289","-0.286","295.781","0.000","54.77%","-0.018","-0.560","-0.075","-0.073","-0.482","-0.062","-0.235","-0.425","-0.097","-0.240","-0.076","62.37%","-0.011","64.62%","0.018","3.517","0.038","4.543","0.028","69.896","0.000","4.416","-0.017","-1.421","0.000","30.943","-0.009","42.771","-0.042","84.60%","-1.332","18.752","80.30%","-0.378","22.198","48.70%","-0.324","40.703","27.20%","-0.576","67.222","70.50%","0.216","31.761","47.60%","-0.090","44.777","-0.56","-0.41","-0.489","-0.044"
"đź’Ş SG Around Green, Approach >200 FW Prox | đź‘Ť Good course fit | â†“ Approach | For Course Setup - Î”Predâ†“ Î”Trendâ†’ | BucketSig â†“ z=-0.14 (-0.120) [Sâ†“ Mâ†“ Lâ†“ VLâ†‘]",75,"24342","Higgo, Garrick",5,7,"-0.60","0.953","-0.031","-0.099","290.534","-0.006","65.42%","-0.009","0.323","0.286","-0.394","-0.550","0.463","0.301","0.254","-0.016","-1.647","0.289","68.93%","-0.010","60.00%","0.040","2.643","-0.032","3.653","-0.023","69.874","0.000","3.516","-0.050","-1.034","0.000","30.159","-0.016","65.102","0.033","84.80%","-0.864","18.043","80.90%","-0.414","22.349","47.50%","-0.666","40.348","33.50%","-0.324","68.587","65.70%","0.288","32.420","48.00%","-0.360","41.471","-0.60","-0.33","-0.072","-0.122"
"âš ď¸Ź Poor course fit | â†‘ Around green | For Course Setup - Î”Predâ†“ Î”Trendâ†’ | BucketSig â†“ z=-0.25 (-0.150) [Sâ†“ Mâ†“ Lâ†“ VLâ†‘]",76,"11276","Horschel, Billy",6,14,"-0.62","0.951","-1.468","0.105","289.598","0.000","54.14%","-0.007","-1.038","0.166","-0.237","-0.454","-0.315","0.581","-0.486","-0.089","-0.482","-0.078","65.15%","0.000","62.14%","0.000","2.660","-0.016","3.295","0.016","70.937","0.000","3.207","0.000","-0.635","0.000","31.854","0.000","59.174","0.034","87.90%","-0.468","18.165","79.80%","-0.180","21.595","68.40%","1.080","39.205","29.60%","-0.378","60.233","69.10%","0.936","29.571","42.80%","-0.396","48.689","-0.62","-0.45","-0.388","-0.083"
"âš ď¸Ź Poor course fit | â†‘ Putting | For Course Setup - Î”Predâ†’ Î”Trendâ†’ | BucketSig â†“ z=-0.18 (-0.130) [Sâ†‘ Mâ†“ Lâ†“ VLâ†‘]",77,"18628","Campbell, Brian",2,2,"-0.68","0.924","-1.159","0.018","277.161","0.004","62.42%","-0.013","-1.196","-0.051","-0.554","-0.056","0.028","-0.023","-0.669","-0.056","-0.375","0.870","60.09%","0.007","61.66%","-0.012","2.700","0.000","4.747","0.024","70.918","0.000","3.394","0.000","-0.572","0.000","30.937","-0.008","56.682","0.004","88.10%","-0.270","19.765","80.60%","0.216","21.643","52.60%","-0.504","36.912","33.30%","-0.198","61.826","68.90%","0.594","29.391","40.50%","-0.234","47.426","-0.68","-0.45","-0.603","-0.027"
"đź’Ş Approach >200 FW Prox | âš ď¸Ź Poor course fit | â†‘ Tee-to-green | For Course Setup - Î”Predâ†’ Î”Trendâ†’ | BucketSig â†“ z=-0.32 (-0.167) [Sâ†“ Mâ†“ Lâ†“ VLâ†‘]",78,"13508","Vegas, Jhonattan",4,4,"-0.68","0.941","-1.737","0.072","293.469","0.000","52.57%","-0.006","-0.708","0.489","-0.460","0.188","-0.374","0.267","0.126","-0.311","-0.396","-0.017","60.03%","-0.008","61.61%","-0.013","2.517","-0.014","4.458","0.057","71.434","0.000","3.789","0.005","-0.936","0.000","29.678","-0.011","53.227","-0.022","82.10%","-0.378","18.577","80.30%","-0.576","23.362","57.10%","0.342","37.655","36.80%","0.468","70.928","65.40%","-0.234","31.853","46.30%","-0.162","42.356","-0.68","-0.47","-0.839","-0.059"
"â†“ Below field average | đź’Ş SG Putting, Approach >200 FW Prox | đź‘Ť Good course fit | â†“ Around green | For Course Setup - Î”Predâ†’ Î”Trendâ†‘ | BucketSig â†‘ z=0.36 (0.008) [Sâ†‘ Mâ†‘ Lâ†‘ VLâ†“]",79,"19477","Schenk, Adam",6,13,"-0.79","0.937","-1.794","0.032","286.854","0.000","50.20%","-0.027","-1.201","0.050","-0.778","0.504","-0.114","-0.554","-0.309","-0.022","0.682","0.104","61.87%","-0.005","59.95%","0.012","3.223","-0.028","4.234","-0.017","71.571","0.000","3.344","-0.024","-2.027","0.000","32.800","0.000","54.915","-0.010","82.90%","-0.828","18.789","74.60%","0.072","21.179","53.10%","-0.234","36.269","23.30%","-1.152","75.798","65.30%","0.072","29.753","48.80%","0.000","43.175","-0.79","-0.52","0.521","-0.011"
"â†“ Below field average | đź’Ş Approach >200 FW Prox | âš ď¸Ź Poor course fit | â†‘ Approach | For Course Setup - Î”Predâ†“ Î”Trendâ†“ | BucketSig â†“ z=-0.91 (-0.318) [Sâ†“ Mâ†“ Lâ†“ VLâ†‘]",80,"28469","Highsmith, Joe",2,5,"-0.81","0.894","-1.601","0.116","292.358","0.000","57.21%","-0.023","-1.087","0.245","-0.528","1.013","-0.580","0.057","0.021","-0.022","-0.609","0.139","64.17%","-0.011","52.33%","0.012","3.025","-0.048","4.755","0.000","70.955","0.000","3.737","-0.014","-1.252","0.000","30.411","0.016","60.555","-0.007","80.50%","-0.774","18.948","74.60%","-0.252","22.231","50.70%","-0.612","40.268","29.00%","0.108","59.191","67.50%","0.108","30.129","44.20%","0.162","43.315","-0.81","-0.58","-1.507","-0.083"