"","","","","","","","","","","","","","","","","","","","","","","","","","","","","","","","","","","","","","","","","","","","","","","","","","","","","","","","","","","","","","","","","","","","","","","","",""
"","","","","","","","","","","","","","","","","","","","","","","","","","","","","","","","","","","","","","","","","","","","","","","","","","","","","","","","","","","","","","","","","","","","","","","","",""
"","","","","","","","","","","","","","","","","","","","","","","","","","","","","","","","","","","","","","","","","","","","","","","","","","","","","","","","","","","","","","","","","","","","","","","","",""
"","","","","","","","","","","","","","","","","","","","","","","","","","","","","","","","","","","","","","","","","","","","","","","","","","","","","","","","","","","","","","","","","","","","","","","","",""
"Performance Notes","DG ID","Player Name","Finish Position","Model Rank","SG Total (Actual)","SG Total (Model)","Driving Distance (Actual)","Driving Distance (Model)","Driving Accuracy (Actual)","Driving Accuracy (Model)","SG T2G (Actual)","SG T2G (Model)","SG Approach (Actual)","SG Approach (Model)","SG Around Green (Actual)","SG Around Green (Model)","SG OTT (Actual)","SG OTT (Model)","SG Putting (Actual)","SG Putting (Model)","Greens in Regulation (Actual)","Greens in Regulation (Model)","Scrambling (Actual)","Scrambling (Model)","Great Shots (Actual)","Great Shots (Model)","Poor Shots (Actual)","Poor Shots (Model)","Scoring Average (Actual)","Scoring Average (Model)","Birdies or Better (Actual)","Birdies or Better (Model)","Fairway Proximity (Actual)","Fairway Proximity (Model)","Rough Proximity (Actual)","Rough Proximity (Model)","Approach <100 GIR (Actual)","Approach <100 GIR (Model)","Approach <100 SG (Actual)","Approach <100 SG (Model)","Approach <100 Prox (Actual)","Approach <100 Prox (Model)","Approach <150 FW GIR (Actual)","Approach <150 FW GIR (Model)","Approach <150 FW SG (Actual)","Approach <150 FW SG (Model)","Approach <150 FW Prox (Actual)","Approach <150 FW Prox (Model)","Approach <150 Rough GIR (Actual)","Approach <150 Rough GIR (Model)","Approach <150 Rough SG (Actual)","Approach <150 Rough SG (Model)","Approach <150 Rough Prox (Actual)","Approach <150 Rough Prox (Model)","Approach >150 Rough GIR (Actual)","Approach >150 Rough GIR (Model)","Approach >150 Rough SG (Actual)","Approach >150 Rough SG (Model)","Approach >150 Rough Prox (Actual)","Approach >150 Rough Prox (Model)","Approach <200 FW GIR (Actual)","Approach <200 FW GIR (Model)","Approach <200 FW SG (Actual)","Approach <200 FW SG (Model)","Approach <200 FW Prox (Actual)","Approach <200 FW Prox (Model)","Approach >200 FW GIR (Actual)","Approach >200 FW GIR (Model)","Approach >200 FW SG (Actual)","Approach >200 FW SG (Model)","Approach >200 FW Prox (Actual)","Approach >200 FW Prox (Model)"
"✅ Beat model by 50 | ⚠️ Success despite model prediction","6093","Rose, Justin",1,51,"","-0.640","","285.671","","63.79%","","-0.781","","-0.584","","0.280","","-0.476","","-0.345","","53.57%","","63.21%","","3.453","","4.547","","72.759","","3.571","","34.985","","47.073","","89.00%","","1.260","","15.520","","82.00%","","0.720","","19.020","","62.00%","","0.360","","38.750","","44.00%","","0.720","","54.210","","70.00%","","0.540","","28.580","","45.00%","","0.180","","50.960"
"✅ Beat model by 35 | ⚠️ Success despite model prediction","14609","Kim, Si Woo",2,37,"","0.442","","290.307","","67.87%","","0.425","","-0.188","","0.309","","0.304","","-1.020","","56.29%","","64.14%","","3.658","","4.617","","71.665","","3.397","","31.016","","69.545","","83.00%","","-0.540","","17.060","","79.00%","","0.540","","21.790","","54.00%","","0.000","","37.160","","37.00%","","-0.180","","64.890","","70.00%","","1.080","","27.150","","48.00%","","1.260","","40.470"
"✅ Beat model by 47 | ⚠️ Success despite model prediction","28309","Coody, Pierceson",2,49,"","0.999","","295.798","","52.51%","","0.775","","0.317","","-0.048","","0.507","","0.042","","66.85%","","71.54%","","3.287","","3.902","","69.116","","4.692","","28.060","","51.027","","91.00%","","0.900","","17.060","","85.00%","","-0.180","","23.410","","57.00%","","-0.540","","42.960","","28.00%","","-1.620","","66.870","","65.00%","","0.000","","31.970","","51.00%","","0.000","","46.100"
"✅ Beat model by 84 | ⚠️ Success despite model prediction","22760","Hisatsune, Ryo",2,86,"","0.234","","292.906","","55.93%","","0.131","","0.169","","-0.048","","0.010","","-0.804","","62.46%","","62.76%","","3.471","","3.571","","70.317","","3.962","","33.064","","50.688","","80.00%","","-1.800","","20.010","","83.00%","","-0.360","","22.200","","63.00%","","0.360","","36.390","","37.00%","","0.000","","61.250","","72.00%","","0.720","","30.060","","45.00%","","0.000","","45.460"
"✅ Beat model by 11 | ✅ Success aligned with model","19396","Knapp, Jake",5,16,"","0.727","","299.482","","54.93%","","-0.053","","0.132","","0.080","","-0.266","","1.007","","58.17%","","68.11%","","4.313","","3.637","","70.451","","4.094","","32.853","","48.976","","87.00%","","-0.180","","20.230","","81.00%","","0.540","","21.570","","61.00%","","1.080","","34.630","","37.00%","","0.180","","57.920","","63.00%","","-0.900","","32.720","","47.00%","","0.180","","43.550"
"✅ Beat model by 129 | ⚠️ Success despite model prediction","16394","Jaeger, Stephan",5,134,"","-0.768","","295.558","","51.67%","","-0.854","","-0.193","","-0.190","","-0.471","","-0.566","","52.04%","","57.60%","","3.350","","4.822","","73.062","","3.388","","31.744","","70.155","","89.00%","","1.620","","15.260","","77.00%","","0.000","","20.400","","54.00%","","0.180","","38.960","","38.00%","","1.080","","61.130","","72.00%","","0.180","","29.790","","45.00%","","-0.360","","44.150"
"✅ Beat model by 84 | ⚠️ Success despite model prediction","14509","Dahmen, Joel",7,91,"","-0.408","","287.272","","60.30%","","0.309","","-0.141","","0.285","","0.165","","-0.641","","60.83%","","59.31%","","3.460","","3.129","","72.355","","3.143","","33.824","","80.774","","83.00%","","-0.180","","17.450","","76.00%","","0.180","","21.930","","53.00%","","0.360","","35.950","","32.00%","","0.180","","67.060","","66.00%","","0.000","","31.980","","53.00%","","-0.180","","43.820"
"✅ Beat model by 100 | ⚠️ Success despite model prediction","23014","Theegala, Sahith",7,107,"","-0.633","","288.371","","52.99%","","-0.193","","0.308","","-0.270","","-0.231","","0.417","","61.50%","","57.44%","","3.200","","4.439","","72.866","","3.469","","29.484","","57.871","","82.00%","","0.360","","17.060","","80.00%","","0.000","","21.790","","52.00%","","-0.540","","35.490","","33.00%","","-0.180","","61.480","","65.00%","","-0.180","","30.430","","44.00%","","0.180","","44.170"
"✅ Beat model by 122 | ⚠️ Success despite model prediction","23475","Novak, Andrew",7,129,"","-1.673","","286.758","","64.61%","","-1.827","","-0.642","","-1.072","","-0.112","","0.437","","56.99%","","58.53%","","3.438","","5.493","","73.109","","3.822","","30.445","","70.585","","87.00%","","0.540","","16.080","","78.00%","","0.000","","21.760","","52.00%","","-0.900","","40.910","","32.00%","","0.000","","65.700","","67.00%","","0.180","","29.610","","42.00%","","-0.180","","43.110"
"✅ Success aligned with model","18634","McNealy, Maverick",10,9,"","1.171","","290.587","","66.69%","","0.836","","0.420","","-0.168","","0.584","","-0.860","","62.41%","","62.62%","","3.339","","3.717","","70.988","","4.155","","34.501","","60.286","","87.00%","","0.180","","16.410","","83.00%","","0.540","","20.250","","57.00%","","0.000","","40.170","","38.00%","","0.540","","61.400","","72.00%","","0.540","","30.150","","48.00%","","0.180","","47.660"
"≈ Near model (-5) | ✅ Success aligned with model","15310","Li, Haotong",11,6,"","0.679","","292.636","","63.09%","","0.395","","0.007","","-0.193","","0.580","","0.290","","72.02%","","61.47%","","3.035","","3.608","","69.266","","4.064","","31.763","","45.048","","86.00%","","1.620","","16.370","","79.00%","","0.360","","19.100","","58.00%","","1.080","","40.110","","55.00%","","1.800","","43.620","","75.00%","","0.720","","30.450","","46.00%","","-0.360","","42.040"
"≈ Near model (-3) | ✅ Success aligned with model","29767","Gerard, Ryan",11,8,"","0.981","","288.282","","66.60%","","1.423","","0.848","","-0.095","","0.686","","-0.308","","66.06%","","57.74%","","3.386","","3.830","","70.244","","4.268","","29.429","","71.118","","80.00%","","-0.360","","17.420","","79.00%","","-0.180","","22.440","","55.00%","","1.080","","35.020","","39.00%","","0.540","","59.970","","66.00%","","0.360","","30.500","","49.00%","","1.620","","37.300"
"≈ Near model (+7) | ✅ Success aligned with model","13562","Matsuyama, Hideki",11,18,"","0.397","","285.246","","55.55%","","-0.035","","-0.732","","0.813","","-0.116","","0.387","","53.55%","","77.51%","","3.217","","4.489","","71.722","","3.331","","30.672","","67.484","","83.00%","","0.900","","15.150","","80.00%","","0.360","","20.310","","48.00%","","-0.900","","38.450","","29.00%","","0.180","","56.790","","73.00%","","1.080","","26.620","","48.00%","","1.080","","39.190"
"✅ Beat model by 18 | ⚠️ Success despite model prediction","17365","Mitchell, Keith",11,29,"","0.309","","303.624","","60.89%","","0.404","","0.109","","-0.495","","0.790","","-0.413","","61.60%","","57.03%","","2.676","","3.747","","71.466","","3.908","","33.641","","49.541","","84.00%","","-0.360","","17.900","","80.00%","","0.180","","22.710","","59.00%","","0.000","","38.140","","39.00%","","0.540","","55.250","","68.00%","","-0.180","","32.090","","51.00%","","0.720","","41.830"
"✅ Beat model by 39 | ⚠️ Success despite model prediction","11676","Finau, Tony",11,50,"","0.285","","291.813","","51.20%","","0.328","","0.284","","0.438","","-0.395","","0.531","","58.75%","","64.85%","","3.467","","4.594","","71.824","","4.011","","31.233","","59.646","","83.00%","","0.000","","18.450","","83.00%","","0.180","","20.860","","56.00%","","-0.720","","38.840","","38.00%","","0.360","","50.810","","68.00%","","0.360","","30.350","","46.00%","","-0.180","","44.810"
"✅ Beat model by 87 | ⚠️ Success despite model prediction","10104","Power, Seamus",11,98,"","-0.199","","289.023","","64.95%","","-0.616","","0.373","","-0.841","","-0.147","","-0.171","","61.07%","","62.18%","","2.945","","3.880","","72.387","","2.982","","33.039","","58.579","","90.00%","","1.260","","14.430","","80.00%","","0.360","","20.850","","59.00%","","0.720","","36.950","","31.00%","","-0.720","","68.770","","68.00%","","-0.360","","33.130","","49.00%","","0.360","","43.550"
"✅ Beat model by 134 | ⚠️ Success despite model prediction","19477","Schenk, Adam",11,145,"","-1.916","","288.188","","50.11%","","-2.001","","-1.225","","-0.379","","-0.397","","-0.923","","54.47%","","59.44%","","2.910","","5.221","","73.747","","2.947","","31.841","","69.121","","82.00%","","-0.900","","18.920","","75.00%","","0.360","","20.900","","54.00%","","-0.540","","36.820","","23.00%","","-1.080","","74.890","","64.00%","","0.180","","30.070","","49.00%","","0.000","","43.850"
"✅ Beat model by 49 | ⚠️ Success despite model prediction","28635","McCarty, Matt",18,67,"","-0.050","","284.770","","61.77%","","-0.423","","0.187","","-0.424","","-0.186","","0.330","","62.91%","","62.35%","","3.057","","4.020","","69.888","","4.497","","30.146","","41.028","","83.00%","","0.720","","15.860","","78.00%","","-0.180","","22.540","","62.00%","","0.900","","35.410","","36.00%","","-0.180","","66.300","","66.00%","","0.540","","28.930","","44.00%","","-0.540","","45.220"
"✅ Beat model by 86 | ⚠️ Success despite model prediction","27774","Gotterup, Chris",18,104,"","-0.875","","298.303","","55.48%","","-0.114","","-0.677","","0.312","","0.358","","-1.121","","57.30%","","60.14%","","3.363","","4.891","","71.522","","3.736","","33.706","","56.416","","84.00%","","-0.540","","19.340","","82.00%","","-0.180","","22.850","","55.00%","","0.000","","42.050","","37.00%","","0.720","","56.800","","70.00%","","0.180","","31.030","","46.00%","","-0.360","","47.450"
"✅ Beat model by 95 | ⚠️ Success despite model prediction","15980","Lipsky, David",18,113,"","0.296","","285.028","","57.68%","","0.210","","0.504","","-0.065","","-0.228","","-0.164","","60.26%","","61.66%","","3.216","","2.889","","72.077","","3.835","","34.481","","59.352","","81.00%","","0.000","","18.010","","79.00%","","0.540","","20.530","","46.00%","","-0.540","","40.010","","31.00%","","-1.080","","62.670","","67.00%","","0.180","","30.840","","49.00%","","0.720","","43.260"
"✅ Beat model by 115 | ⚠️ Success despite model prediction","26649","Thorbjornsen, Michael",18,133,"","-1.367","","299.316","","67.77%","","-0.568","","-0.588","","-0.251","","0.270","","-2.308","","64.19%","","58.79%","","3.490","","4.530","","72.069","","3.280","","32.070","","52.305","","88.00%","","0.000","","17.820","","79.00%","","-0.540","","23.980","","63.00%","","0.360","","39.480","","37.00%","","-0.360","","57.210","","65.00%","","-0.180","","31.070","","52.00%","","0.720","","40.760"
"≈ Near model (-9) | ❌ Underperformed model prediction","14577","English, Harris",22,13,"","1.490","","290.041","","65.51%","","0.413","","0.184","","-0.093","","0.321","","1.196","","65.42%","","60.60%","","3.153","","3.310","","70.631","","4.312","","33.294","","54.468","","86.00%","","0.540","","15.420","","75.00%","","-0.540","","23.250","","57.00%","","-0.720","","39.580","","41.00%","","0.720","","55.880","","73.00%","","0.540","","29.570","","47.00%","","-0.360","","46.370"
"≈ Near model (-5) | ❌ Underperformed model prediction","23602","Hojgaard, Nicolai",22,17,"","0.993","","312.987","","48.47%","","0.293","","0.874","","-0.381","","-0.201","","0.128","","69.83%","","57.87%","","5.169","","4.516","","70.479","","4.605","","31.654","","59.392","","88.00%","","1.260","","15.270","","76.00%","","-0.540","","21.840","","64.00%","","0.360","","37.450","","35.00%","","0.180","","56.350","","73.00%","","0.540","","30.340","","55.00%","","1.080","","39.750"
"❌ Underperformed model prediction","15651","Ventura, Kris",22,20,"","0.275","","289.770","","61.40%","","-0.102","","-0.953","","0.150","","0.701","","0.838","","66.93%","","81.04%","","4.096","","2.640","","69.562","","4.035","","30.494","","36.109","","88.00%","","-1.080","","20.580","","80.00%","","-0.360","","22.890","","49.00%","","-0.720","","39.720","","37.00%","","0.180","","53.270","","71.00%","","0.180","","31.000","","42.00%","","-0.360","","45.540"
"","26651","Young, Cameron",22,24,"","0.597","","300.939","","60.05%","","0.489","","0.045","","-0.184","","0.628","","0.024","","64.26%","","57.84%","","4.285","","3.987","","71.568","","3.987","","32.933","","60.132","","82.00%","","-0.540","","18.130","","78.00%","","0.540","","20.600","","61.00%","","0.180","","37.700","","40.00%","","0.540","","59.300","","68.00%","","0.180","","29.300","","41.00%","","-0.900","","49.280"
"✅ Beat model by 117","19840","Ramey, Chad",22,139,"","-0.955","","288.314","","53.50%","","-0.987","","-0.281","","-0.407","","-0.300","","0.403","","65.73%","","50.52%","","3.212","","4.839","","71.695","","3.498","","29.598","","72.878","","87.00%","","0.900","","16.000","","75.00%","","-0.540","","23.270","","53.00%","","-0.180","","38.790","","29.00%","","-1.260","","67.170","","65.00%","","0.000","","32.810","","49.00%","","-0.180","","45.720"
"✅ Beat model by 65","16283","Rodgers, Patrick",27,92,"","-1.014","","294.491","","49.52%","","-0.694","","-0.499","","0.086","","-0.280","","0.183","","53.51%","","55.50%","","3.502","","4.138","","72.687","","3.665","","34.752","","67.393","","81.00%","","-0.720","","18.790","","76.00%","","-0.360","","22.920","","57.00%","","-0.360","","38.920","","38.00%","","0.720","","58.000","","67.00%","","0.540","","29.940","","42.00%","","-0.540","","46.530"
"✅ Beat model by 74","21756","Cole, Eric",27,101,"","-0.753","","287.110","","58.01%","","-0.872","","-0.596","","0.667","","-0.943","","-0.244","","51.52%","","66.92%","","3.412","","5.318","","72.955","","3.228","","35.445","","68.391","","82.00%","","1.080","","15.780","","80.00%","","0.720","","20.010","","53.00%","","0.720","","35.270","","30.00%","","-0.360","","63.380","","67.00%","","0.540","","29.160","","44.00%","","-0.360","","46.650"
"✅ Beat model by 94","18103","Bezuidenhout, Christiaan",27,121,"","-0.741","","281.734","","63.54%","","-0.100","","0.037","","0.071","","-0.207","","0.634","","59.03%","","58.41%","","2.350","","4.071","","72.834","","3.147","","33.013","","68.452","","85.00%","","1.080","","14.720","","85.00%","","0.180","","22.160","","47.00%","","-0.900","","39.520","","38.00%","","0.180","","66.260","","70.00%","","0.540","","30.940","","44.00%","","0.000","","48.440"
"⚠️ Missed model by 25 | ❌ Underperformed model prediction","6430","Scott, Adam",30,5,"","0.993","","296.512","","58.74%","","0.881","","-0.122","","0.337","","0.665","","0.892","","62.09%","","62.81%","","3.979","","3.851","","71.035","","3.772","","30.416","","60.170","","87.00%","","1.800","","14.200","","80.00%","","-0.180","","21.090","","62.00%","","0.900","","34.930","","33.00%","","0.360","","56.830","","66.00%","","-0.180","","31.440","","47.00%","","0.360","","43.540"
"✅ Beat model by 24","21407","Reitan, Kristoffer",30,54,"","0.236","","296.256","","58.66%","","0.063","","-0.578","","0.192","","0.449","","0.173","","72.21%","","54.13%","","3.766","","4.261","","69.822","","4.376","","33.693","","43.078","","76.00%","","-0.720","","18.300","","0.00%","","0.000","","0.000","","42.00%","","0.180","","35.360","","0.00%","","0.000","","0.000","","73.00%","","0.360","","29.480","","35.00%","","-1.260","","45.060"
"✅ Beat model by 32","23838","Hojgaard, Rasmus",30,62,"","0.222","","308.163","","48.69%","","0.201","","0.391","","-0.251","","0.061","","-0.794","","60.31%","","58.03%","","3.824","","3.253","","70.838","","4.026","","32.750","","55.742","","81.00%","","-1.440","","20.500","","80.00%","","0.180","","22.190","","60.00%","","0.360","","39.210","","39.00%","","0.360","","62.450","","65.00%","","-0.360","","31.400","","53.00%","","0.180","","44.420"
"✅ Beat model by 33","25569","Stevens, Sam",30,63,"","0.264","","289.684","","63.45%","","0.331","","0.144","","0.026","","0.160","","0.558","","59.93%","","59.05%","","3.393","","4.953","","71.854","","3.129","","30.694","","86.478","","87.00%","","0.000","","18.030","","81.00%","","-0.180","","22.130","","47.00%","","-1.080","","38.530","","34.00%","","0.180","","64.760","","70.00%","","-0.180","","31.680","","46.00%","","-0.180","","46.750"
"✅ Beat model by 41","20766","Brown, Dan",30,71,"","-0.256","","287.842","","66.00%","","0.557","","0.510","","-0.307","","0.354","","-0.647","","69.16%","","66.02%","","3.566","","4.204","","70.190","","3.481","","29.986","","43.981","","76.00%","","-1.440","","22.210","","0.00%","","0.000","","0.000","","51.00%","","-2.340","","44.790","","0.00%","","0.000","","0.000","","69.00%","","0.360","","29.630","","54.00%","","0.900","","43.000"
"✅ Beat model by 67","23505","McGreevy, Max",30,97,"","-0.266","","284.173","","68.80%","","0.860","","0.512","","-0.048","","0.396","","-1.160","","66.56%","","54.56%","","2.442","","4.049","","70.982","","3.313","","30.125","","58.295","","92.00%","","1.260","","18.170","","81.00%","","0.180","","21.080","","58.00%","","-0.360","","37.280","","33.00%","","0.180","","51.990","","63.00%","","-0.540","","32.290","","51.00%","","0.360","","42.270"
"✅ Beat model by 79","17723","Lower, Justin",30,109,"","-0.807","","291.982","","62.70%","","-1.212","","-0.844","","-0.453","","0.085","","0.060","","55.22%","","60.86%","","2.938","","4.389","","72.512","","3.016","","35.451","","65.557","","86.00%","","1.080","","16.670","","80.00%","","-0.180","","21.960","","55.00%","","0.180","","38.000","","44.00%","","0.360","","58.250","","65.00%","","-0.360","","30.760","","40.00%","","-1.080","","44.930"
"✅ Beat model by 105","27183","Salinda, Isaiah",30,135,"","-2.704","","294.158","","59.85%","","-1.057","","-0.788","","-0.645","","0.377","","-1.288","","63.01%","","55.42%","","3.572","","5.675","","73.080","","3.102","","29.762","","49.118","","85.00%","","-0.180","","19.210","","83.00%","","0.180","","22.170","","47.00%","","-1.080","","38.870","","26.00%","","-0.900","","63.890","","72.00%","","0.180","","30.150","","40.00%","","-0.540","","45.190"
"≈ Near model (-6)","12808","Grillo, Emiliano",38,32,"","0.229","","280.863","","68.24%","","0.513","","0.669","","-0.187","","0.031","","-0.139","","62.92%","","55.95%","","3.196","","3.895","","72.135","","3.150","","31.330","","64.589","","84.00%","","1.080","","15.450","","81.00%","","0.540","","20.690","","55.00%","","0.180","","37.620","","34.00%","","-0.540","","58.430","","69.00%","","0.540","","30.050","","51.00%","","0.900","","40.840"
"✅ Beat model by 49","9771","Day, Jason",38,87,"","-0.193","","289.385","","57.00%","","-0.394","","-0.073","","-0.096","","-0.224","","0.313","","58.37%","","58.27%","","3.284","","3.619","","71.959","","3.476","","35.858","","51.378","","86.00%","","1.440","","12.730","","84.00%","","0.720","","19.430","","58.00%","","0.360","","36.710","","28.00%","","-1.080","","68.340","","70.00%","","-0.540","","33.580","","46.00%","","0.000","","52.790"
"✅ Beat model by 65","24304","Vilips, Karl",38,103,"","-1.261","","296.501","","52.94%","","-0.997","","-0.729","","-0.308","","0.040","","-0.527","","65.14%","","59.84%","","3.017","","4.591","","71.717","","3.168","","29.081","","62.228","","84.00%","","0.360","","16.030","","79.00%","","-0.360","","23.330","","52.00%","","-0.360","","40.150","","33.00%","","-0.180","","63.740","","72.00%","","1.080","","29.740","","45.00%","","-0.720","","47.890"
"✅ Beat model by 85","25003","Walker, Danny",38,123,"","-0.606","","289.572","","47.86%","","-0.301","","0.147","","0.164","","-0.759","","-0.369","","59.35%","","59.16%","","4.129","","5.185","","70.530","","4.180","","33.700","","48.120","","76.00%","","-1.080","","19.490","","79.00%","","0.180","","22.600","","65.00%","","1.080","","35.080","","25.00%","","-0.720","","63.980","","67.00%","","0.180","","31.280","","37.00%","","-1.620","","45.760"
"✅ Beat model by 86","19960","Pavon, Matthieu",38,124,"","-0.907","","290.120","","61.88%","","-1.028","","-0.558","","-0.444","","-0.026","","0.295","","54.57%","","59.72%","","3.420","","5.404","","72.934","","3.457","","38.001","","58.547","","87.00%","","-1.440","","21.150","","79.00%","","-0.360","","23.120","","59.00%","","0.540","","36.980","","39.00%","","0.000","","64.490","","62.00%","","-0.360","","32.610","","45.00%","","-0.180","","47.270"
"⚠️ Missed model by 32 | ❌ Underperformed model prediction","27819","Castillo, Ricky",43,11,"","1.909","","291.239","","59.73%","","1.411","","0.740","","0.378","","0.293","","0.302","","72.18%","","66.72%","","4.121","","2.691","","67.745","","5.496","","33.233","","40.535","","84.00%","","-0.900","","19.220","","76.00%","","-0.180","","23.460","","69.00%","","1.440","","31.630","","38.00%","","0.540","","61.920","","61.00%","","-0.900","","34.300","","50.00%","","-0.180","","44.600"
"≈ Near model (-5)","13872","Bradley, Keegan",43,38,"","0.964","","292.203","","66.54%","","0.769","","0.394","","0.154","","0.222","","-1.027","","61.58%","","64.45%","","4.196","","4.204","","71.186","","4.160","","30.296","","69.492","","80.00%","","-0.360","","17.960","","83.00%","","0.540","","19.410","","60.00%","","0.180","","35.810","","32.00%","","-0.720","","68.350","","68.00%","","0.720","","28.000","","49.00%","","0.360","","44.390"
"","25319","VanDerLaan, John",43,43,"","-0.588","","295.749","","69.96%","","-0.736","","-0.807","","0.091","","-0.021","","-0.109","","65.42%","","62.75%","","2.775","","3.445","","71.026","","3.595","","34.736","","61.932","","0.00%","","0.000","","0.000","","0.00%","","0.000","","0.000","","0.00%","","0.000","","0.000","","0.00%","","0.000","","0.000","","0.00%","","0.000","","0.000","","0.00%","","0.000","","0.000"
"✅ Beat model by 26","32457","Keefer, Johnny",43,69,"","-0.443","","304.668","","54.26%","","-0.329","","0.204","","-0.859","","0.326","","-0.196","","74.32%","","50.36%","","3.613","","3.440","","70.986","","3.667","","29.117","","50.724","","77.00%","","0.360","","16.620","","81.00%","","-0.360","","23.740","","53.00%","","0.720","","37.350","","42.00%","","1.620","","56.630","","71.00%","","0.720","","29.150","","46.00%","","-0.180","","40.360"
"✅ Beat model by 62","13764","Parry, John",43,105,"","-1.277","","293.652","","61.31%","","0.059","","-0.194","","-0.215","","0.467","","-1.339","","68.74%","","53.16%","","2.031","","3.357","","71.471","","3.056","","33.318","","39.223","","88.00%","","1.260","","14.470","","79.00%","","0.000","","22.050","","61.00%","","0.360","","32.300","","44.00%","","0.540","","55.420","","77.00%","","0.360","","32.990","","40.00%","","-0.360","","44.980"
"✅ Beat model by 69","27364","Thompson, Davis",43,112,"","-1.147","","288.841","","64.92%","","-0.373","","-0.192","","-0.310","","0.128","","-0.379","","58.73%","","53.42%","","2.879","","4.143","","73.518","","3.237","","31.495","","60.639","","86.00%","","0.540","","16.780","","84.00%","","0.720","","20.520","","53.00%","","-0.900","","39.330","","30.00%","","-1.080","","65.960","","71.00%","","0.720","","27.830","","43.00%","","-0.720","","47.000"
"⚠️ Missed model by 37 | ❌ Underperformed model prediction","28159","Meissner, Mac",49,12,"","0.678","","295.175","","50.14%","","1.292","","1.177","","0.148","","-0.033","","-0.596","","73.33%","","64.29%","","3.650","","2.870","","69.613","","4.019","","26.893","","49.127","","81.00%","","-0.360","","18.060","","81.00%","","0.540","","20.960","","55.00%","","0.180","","36.260","","29.00%","","0.000","","55.480","","71.00%","","0.360","","30.650","","46.00%","","0.540","","43.010"
"≈ Near model (-5)","21883","Ewart, A.J.",49,44,"","0.910","","283.424","","56.25%","","0.171","","0.412","","-0.113","","-0.128","","0.543","","72.57%","","71.47%","","2.810","","3.001","","69.042","","4.092","","28.497","","55.664","","88.00%","","0.180","","15.980","","0.00%","","0.000","","0.000","","62.00%","","0.720","","35.890","","0.00%","","0.000","","0.000","","0.00%","","0.000","","0.000","","0.00%","","0.000","","0.000"
"","23841","Neergaard-Petersen, Rasmus",49,47,"","0.165","","293.913","","59.14%","","0.396","","0.286","","-0.030","","0.140","","-0.241","","67.34%","","59.65%","","2.901","","3.890","","70.336","","4.264","","34.534","","56.671","","81.00%","","-0.720","","18.090","","0.00%","","0.000","","0.000","","57.00%","","0.900","","37.880","","0.00%","","0.000","","0.000","","75.00%","","1.080","","28.470","","60.00%","","1.080","","39.320"
"","21944","Moore, Taylor",49,48,"","1.271","","300.805","","52.52%","","0.830","","-0.028","","0.663","","0.195","","0.270","","65.40%","","62.77%","","3.418","","2.802","","70.357","","3.860","","36.433","","67.637","","81.00%","","0.360","","17.710","","78.00%","","-0.720","","24.010","","55.00%","","0.000","","39.360","","31.00%","","0.000","","58.220","","68.00%","","-0.900","","33.880","","50.00%","","0.180","","46.340"
"≈ Near model (+4)","16757","Dou, Zecheng",49,53,"","1.112","","288.517","","47.29%","","1.082","","1.288","","0.438","","-0.644","","0.088","","71.05%","","66.17%","","3.976","","2.907","","68.863","","5.389","","26.820","","59.345","","0.00%","","0.000","","0.000","","0.00%","","0.000","","0.000","","39.00%","","-1.080","","35.760","","0.00%","","0.000","","0.000","","0.00%","","0.000","","0.000","","0.00%","","0.000","","0.000"
"✅ Beat model by 65","19870","McCarthy, Denny",49,114,"","-0.835","","284.676","","57.91%","","-1.005","","-0.305","","0.347","","-1.048","","-0.042","","59.84%","","69.81%","","2.831","","5.066","","72.923","","3.002","","32.485","","79.195","","88.00%","","-0.180","","18.230","","84.00%","","-0.180","","21.140","","59.00%","","0.720","","33.370","","36.00%","","0.180","","61.940","","72.00%","","0.360","","31.340","","48.00%","","0.360","","46.300"
"✅ Beat model by 83","26653","Eckroat, Austin",49,132,"","-1.895","","287.374","","67.45%","","-1.598","","-0.417","","-1.202","","0.026","","-0.073","","54.61%","","53.49%","","2.569","","5.435","","74.074","","2.752","","32.403","","64.260","","85.00%","","-0.180","","19.680","","81.00%","","0.360","","22.250","","61.00%","","0.900","","33.780","","30.00%","","-0.900","","66.270","","72.00%","","0.540","","30.040","","52.00%","","0.720","","40.910"
"⚠️ Missed model by 23","29925","Yellamaraju, Sudarshan",56,33,"","0.729","","294.378","","60.78%","","0.517","","0.344","","-0.156","","0.328","","0.298","","73.31%","","61.63%","","3.866","","3.698","","69.186","","4.830","","27.972","","51.603","","0.00%","","0.000","","0.000","","0.00%","","0.000","","0.000","","54.00%","","1.620","","26.500","","0.00%","","0.000","","0.000","","0.00%","","0.000","","0.000","","0.00%","","0.000","","0.000"
"","20722","Schmid, Matti",56,55,"","0.142","","291.444","","55.11%","","0.110","","-0.219","","-0.190","","0.519","","0.159","","69.11%","","66.02%","","3.870","","3.083","","70.062","","3.907","","32.958","","50.285","","82.00%","","-0.900","","18.360","","72.00%","","-0.900","","24.920","","58.00%","","0.000","","38.730","","36.00%","","0.360","","54.740","","74.00%","","0.360","","30.510","","54.00%","","0.540","","41.750"
"","16243","Koepka, Brooks",56,58,"","-0.104","","297.691","","56.81%","","0.153","","-0.326","","0.052","","0.427","","-0.688","","56.43%","","57.11%","","2.640","","3.516","","71.458","","4.062","","35.447","","53.401","","83.00%","","-1.080","","16.360","","0.00%","","0.000","","0.000","","0.00%","","0.000","","0.000","","24.00%","","-0.720","","80.150","","61.00%","","0.360","","30.050","","64.00%","","2.160","","46.220"
"⚠️ Missed model by 23","24550","Ghim, Doug",59,36,"","0.305","","287.510","","68.94%","","1.009","","0.076","","0.559","","0.373","","-1.191","","68.43%","","63.90%","","2.591","","3.030","","69.962","","3.890","","31.400","","49.579","","90.00%","","1.260","","14.770","","80.00%","","0.180","","21.360","","64.00%","","0.360","","38.640","","37.00%","","0.000","","62.620","","69.00%","","0.360","","31.190","","47.00%","","0.180","","43.270"
"⚠️ Missed model by 18","15556","Hughes, Mackenzie",59,41,"","-0.436","","286.987","","59.72%","","0.055","","0.158","","0.106","","-0.209","","-0.038","","56.89%","","65.37%","","3.330","","4.567","","72.642","","3.202","","32.944","","80.851","","90.00%","","0.180","","17.000","","81.00%","","-0.180","","22.290","","59.00%","","0.360","","39.070","","37.00%","","0.720","","62.060","","66.00%","","-0.360","","33.960","","48.00%","","-0.360","","48.570"
"✅ Beat model by 15","19846","Bauchou, Zach",59,74,"","0.630","","290.740","","43.70%","","0.494","","0.555","","0.545","","-0.605","","-0.005","","70.10%","","70.47%","","2.376","","2.271","","69.314","","3.859","","33.507","","44.887","","0.00%","","0.000","","0.000","","0.00%","","0.000","","0.000","","57.00%","","-2.700","","50.250","","0.00%","","0.000","","0.000","","0.00%","","0.000","","0.000","","0.00%","","0.000","","0.000"
"✅ Beat model by 69","16715","Ryder, Sam",59,128,"","-0.700","","285.270","","59.77%","","-0.174","","0.394","","-0.324","","-0.244","","0.204","","57.51%","","62.17%","","2.772","","4.693","","73.120","","2.792","","32.888","","42.301","","79.00%","","-0.720","","18.780","","78.00%","","-0.180","","23.240","","55.00%","","-0.540","","41.280","","44.00%","","0.900","","56.690","","68.00%","","0.180","","29.590","","43.00%","","-0.180","","43.520"
"✅ Beat model by 13","21688","Kim, S.H.",63,76,"","-0.132","","291.747","","64.28%","","-0.168","","-0.382","","-0.173","","0.387","","0.951","","60.14%","","59.29%","","2.750","","3.927","","70.879","","3.895","","34.714","","57.741","","83.00%","","-0.540","","20.120","","0.00%","","0.000","","0.000","","67.00%","","1.080","","30.310","","41.00%","","-0.540","","65.870","","65.00%","","-0.360","","33.440","","21.00%","","-2.340","","54.540"
"✅ Beat model by 36","21074","Nakajima, Keita",64,100,"","-1.502","","297.571","","58.79%","","-0.658","","0.673","","-0.844","","-0.486","","-1.726","","66.33%","","44.98%","","2.950","","4.490","","72.063","","3.714","","35.094","","43.113","","0.00%","","0.000","","0.000","","0.00%","","0.000","","0.000","","63.00%","","0.540","","34.340","","0.00%","","0.000","","0.000","","75.00%","","0.540","","30.460","","54.00%","","1.260","","43.650"
"","28016","Gonzalez, Emilio",65,65,"","-1.594","","291.657","","67.75%","","-1.590","","-1.084","","-0.066","","-0.440","","-0.032","","63.37%","","62.99%","","2.472","","3.139","","71.004","","3.369","","39.394","","56.351","","97.00%","","2.520","","13.790","","0.00%","","0.000","","0.000","","56.00%","","1.260","","32.850","","0.00%","","0.000","","0.000","","0.00%","","0.000","","0.000","","0.00%","","0.000","","0.000"
"✅ Beat model by 19","16591","Rozo, Marcelo",65,84,"","-2.141","","281.030","","61.59%","","-0.741","","0.044","","-0.318","","-0.467","","-2.143","","64.11%","","48.81%","","2.129","","5.843","","72.544","","3.147","","31.785","","59.993","","0.00%","","0.000","","0.000","","0.00%","","0.000","","0.000","","0.00%","","0.000","","0.000","","0.00%","","0.000","","0.000","","0.00%","","0.000","","0.000","","0.00%","","0.000","","0.000"
"✅ Beat model by 45","24766","Kim, Tom",65,110,"","-1.178","","288.907","","59.20%","","-0.422","","0.176","","0.020","","-0.618","","-0.816","","57.91%","","57.94%","","2.488","","4.382","","73.076","","3.197","","36.868","","68.244","","84.00%","","0.900","","16.890","","80.00%","","0.360","","20.260","","52.00%","","0.360","","37.670","","36.00%","","-0.180","","64.880","","64.00%","","0.000","","30.980","","44.00%","","-0.540","","50.380"
"✅ Beat model by 66","23604","Clark, Wyndham",65,131,"","-1.257","","298.988","","57.11%","","-0.658","","-0.936","","0.319","","-0.041","","-1.874","","50.85%","","61.11%","","3.651","","5.750","","73.347","","3.629","","32.543","","77.497","","81.00%","","0.360","","16.740","","78.00%","","0.360","","21.550","","61.00%","","0.540","","35.260","","31.00%","","-0.900","","69.140","","70.00%","","0.180","","29.600","","50.00%","","0.000","","46.730"
"≈ Near model (+9)","16333","Hubbard, Mark",69,78,"","0.249","","286.249","","64.95%","","0.011","","-0.004","","0.032","","-0.017","","-0.442","","62.57%","","71.44%","","2.882","","3.810","","70.311","","3.719","","32.330","","53.127","","86.00%","","-0.360","","17.420","","75.00%","","-0.360","","22.550","","51.00%","","-0.720","","39.980","","40.00%","","0.180","","58.070","","66.00%","","0.000","","31.400","","54.00%","","0.720","","43.310"
"≈ Near model (-9)","15575","Hoge, Tom",70,61,"","0.686","","282.548","","63.21%","","0.495","","0.552","","0.418","","-0.475","","-0.582","","59.27%","","63.56%","","3.891","","4.525","","71.494","","3.985","","30.116","","70.085","","81.00%","","0.360","","16.400","","76.00%","","0.720","","18.880","","61.00%","","0.180","","36.220","","33.00%","","0.540","","57.240","","65.00%","","0.000","","28.050","","46.00%","","0.360","","43.140"
"✅ Beat model by 23","23504","Hoey, Rico",70,93,"","-2.257","","292.636","","61.07%","","-1.120","","-0.787","","-0.524","","0.191","","-0.534","","65.33%","","53.85%","","2.553","","3.868","","72.873","","2.999","","31.614","","54.165","","83.00%","","-0.360","","18.530","","79.00%","","-0.180","","23.370","","61.00%","","0.720","","36.940","","40.00%","","0.900","","54.240","","71.00%","","1.080","","28.440","","49.00%","","0.720","","41.640"
"✅ Beat model by 47","29279","Suber, Jackson",70,117,"","-2.061","","287.633","","56.30%","","-1.422","","-0.661","","-0.649","","-0.112","","-0.233","","69.14%","","66.36%","","3.008","","4.569","","71.781","","3.183","","28.942","","48.981","","80.00%","","-0.180","","18.280","","78.00%","","0.180","","22.990","","54.00%","","-0.540","","40.510","","32.00%","","-0.900","","58.210","","69.00%","","0.000","","30.860","","51.00%","","0.540","","39.980"
"✅ Beat model by 71","17786","Davis, Cam",70,141,"","-2.296","","294.747","","49.75%","","-1.814","","-0.950","","-0.754","","-0.110","","-1.010","","54.03%","","52.40%","","3.226","","5.224","","74.594","","2.364","","30.373","","77.387","","82.00%","","0.720","","15.820","","81.00%","","0.180","","22.180","","48.00%","","0.180","","37.360","","26.00%","","-1.260","","67.790","","66.00%","","-0.180","","30.090","","47.00%","","-0.720","","43.440"
"≈ Near model (-4)","20954","Hirata, Kensei",74,70,"","-0.988","","286.874","","71.36%","","-0.290","","-0.739","","-0.083","","0.532","","-0.621","","68.94%","","64.52%","","2.057","","3.390","","71.241","","3.485","","35.145","","61.331","","0.00%","","0.000","","0.000","","0.00%","","0.000","","0.000","","0.00%","","0.000","","0.000","","0.00%","","0.000","","0.000","","0.00%","","0.000","","0.000","","0.00%","","0.000","","0.000"
"⚠️ Missed model by 74 | ❌ Underperformed model prediction","20706","Wallace, Matt",75,1,"","1.089","","296.319","","58.82%","","1.304","","-0.375","","1.531","","0.147","","-0.553","","58.72%","","74.06%","","3.015","","3.524","","70.256","","3.704","","40.035","","57.681","","84.00%","","1.440","","14.640","","78.00%","","0.180","","22.590","","62.00%","","0.180","","39.460","","40.00%","","0.180","","53.520","","68.00%","","0.180","","32.350","","39.00%","","-1.260","","49.630"
"⚠️ Missed model by 73 | ❌ Underperformed model prediction","23950","Aberg, Ludvig",75,2,"","1.193","","296.173","","60.63%","","0.934","","0.357","","0.280","","0.296","","0.297","","63.46%","","68.86%","","4.947","","5.205","","70.902","","4.282","","29.718","","73.647","","82.00%","","-0.540","","17.810","","81.00%","","0.180","","20.360","","51.00%","","-0.720","","40.720","","32.00%","","-0.540","","74.190","","70.00%","","0.900","","27.470","","48.00%","","0.360","","39.110"
"⚠️ Missed model by 72 | ❌ Underperformed model prediction","17780","Pendrith, Taylor",75,3,"","0.996","","302.392","","57.28%","","1.517","","0.938","","0.016","","0.563","","0.205","","64.89%","","58.26%","","4.333","","4.663","","71.173","","4.088","","33.002","","69.403","","82.00%","","-0.720","","19.400","","81.00%","","0.000","","22.440","","57.00%","","0.360","","38.680","","37.00%","","0.720","","62.380","","73.00%","","0.540","","30.070","","44.00%","","-0.360","","47.240"
"⚠️ Missed model by 71 | ❌ Underperformed model prediction","18474","Smalley, Alex",75,4,"","0.496","","300.238","","63.74%","","1.446","","0.432","","0.491","","0.523","","-0.162","","63.29%","","63.37%","","4.192","","4.151","","71.207","","3.384","","33.480","","65.920","","79.00%","","-0.900","","18.130","","79.00%","","-0.180","","21.630","","55.00%","","-0.540","","38.970","","45.00%","","0.900","","55.800","","64.00%","","-0.180","","30.710","","51.00%","","0.900","","42.220"
"⚠️ Missed model by 68 | ❌ Underperformed model prediction","19895","Schauffele, Xander",75,7,"","0.610","","301.630","","53.04%","","1.055","","0.389","","0.278","","0.388","","-0.201","","59.49%","","59.03%","","4.020","","4.067","","71.508","","4.036","","32.053","","50.454","","92.00%","","1.080","","14.930","","81.00%","","0.180","","20.680","","60.00%","","0.540","","36.460","","35.00%","","-0.360","","64.460","","74.00%","","0.720","","27.130","","53.00%","","0.720","","39.320"
"⚠️ Missed model by 65 | ❌ Underperformed model prediction","18424","Roy, Kevin",75,10,"","0.926","","291.708","","62.12%","","0.474","","-0.368","","0.315","","0.527","","0.421","","71.57%","","76.80%","","2.906","","2.824","","69.003","","4.378","","34.161","","47.459","","88.00%","","0.180","","17.370","","78.00%","","-0.360","","23.100","","59.00%","","0.000","","39.240","","27.00%","","-1.800","","68.700","","67.00%","","-0.360","","31.960","","47.00%","","0.540","","42.300"
"⚠️ Missed model by 61 | ❌ Underperformed model prediction","26096","Bhatia, Akshay",75,14,"","0.570","","287.890","","63.83%","","0.662","","0.978","","-0.243","","-0.073","","0.387","","62.35%","","62.52%","","3.846","","4.929","","71.555","","4.102","","30.262","","52.442","","83.00%","","-0.360","","17.080","","83.00%","","0.720","","20.380","","59.00%","","0.180","","37.210","","36.00%","","0.180","","63.270","","69.00%","","0.720","","28.320","","51.00%","","0.900","","41.620"
"⚠️ Missed model by 60 | ❌ Underperformed model prediction","10419","Noren, Alex",75,15,"","0.579","","282.132","","60.38%","","0.391","","-0.085","","0.687","","-0.211","","0.961","","59.36%","","68.66%","","3.685","","3.559","","71.557","","4.054","","33.808","","79.060","","80.00%","","-1.620","","20.490","","76.00%","","0.000","","21.660","","51.00%","","-0.540","","42.230","","40.00%","","1.620","","56.410","","71.00%","","0.360","","29.740","","42.00%","","0.360","","42.940"
"⚠️ Missed model by 56 | ❌ Underperformed model prediction","18586","Smith, Jordan",75,19,"","1.248","","291.502","","62.34%","","0.764","","0.414","","0.027","","0.323","","0.443","","70.92%","","62.81%","","3.754","","2.657","","68.862","","4.782","","30.757","","86.088","","91.00%","","1.080","","14.290","","75.00%","","-0.360","","22.940","","55.00%","","1.980","","34.770","","35.00%","","0.720","","61.920","","70.00%","","0.000","","32.870","","50.00%","","-0.540","","45.680"
"⚠️ Missed model by 54","27900","Potgieter, Aldrich",75,21,"","0.279","","300.091","","55.80%","","-0.101","","0.183","","-0.534","","0.249","","0.665","","68.16%","","51.69%","","5.370","","4.992","","69.934","","4.490","","28.517","","61.720","","81.00%","","-0.540","","19.340","","81.00%","","0.540","","20.900","","55.00%","","-0.720","","39.600","","30.00%","","-0.180","","64.200","","69.00%","","0.000","","31.320","","49.00%","","0.000","","46.420"
"⚠️ Missed model by 53","22465","Penge, Marco",75,22,"","0.181","","310.480","","53.18%","","0.635","","-0.212","","0.219","","0.628","","-0.334","","64.75%","","57.78%","","3.680","","4.124","","70.077","","4.102","","30.648","","51.104","","95.00%","","-0.900","","17.770","","0.00%","","0.000","","0.000","","56.00%","","0.900","","31.510","","35.00%","","-0.180","","46.790","","0.00%","","0.000","","0.000","","45.00%","","1.800","","39.240"
"⚠️ Missed model by 52","19428","Zalatoris, Will",75,23,"","-0.147","","294.743","","64.82%","","0.989","","0.139","","0.147","","0.702","","-0.205","","64.52%","","57.47%","","2.578","","3.145","","71.920","","3.185","","32.273","","94.186","","84.00%","","-0.540","","17.740","","85.00%","","0.360","","20.770","","67.00%","","0.540","","34.190","","36.00%","","0.000","","61.280","","78.00%","","1.620","","28.240","","40.00%","","0.360","","47.210"
"⚠️ Missed model by 50","29197","Brennan, Michael",75,25,"","-0.370","","303.160","","61.44%","","0.698","","0.187","","-0.659","","1.170","","-1.013","","65.31%","","60.44%","","4.438","","4.664","","70.294","","4.188","","31.303","","49.762","","84.00%","","3.240","","11.800","","84.00%","","-0.180","","22.190","","48.00%","","-0.360","","42.030","","0.00%","","0.000","","0.000","","56.00%","","-1.440","","34.880","","36.00%","","0.540","","40.120"
"⚠️ Missed model by 49","32330","Clanton, Luke",75,26,"","-0.827","","289.745","","58.97%","","0.046","","-0.062","","-0.088","","0.197","","-0.425","","75.24%","","69.72%","","3.538","","4.063","","70.581","","3.725","","30.062","","55.546","","85.00%","","-0.540","","19.490","","81.00%","","0.000","","22.460","","47.00%","","-0.180","","38.180","","44.00%","","1.620","","53.670","","69.00%","","0.720","","29.560","","46.00%","","-0.360","","45.560"
"⚠️ Missed model by 48","15470","Hossler, Beau",75,27,"","1.243","","297.186","","48.58%","","0.960","","0.237","","1.022","","-0.401","","0.226","","57.32%","","66.37%","","3.149","","2.977","","70.438","","3.498","","39.493","","63.820","","88.00%","","0.900","","15.540","","80.00%","","-0.720","","24.500","","61.00%","","0.360","","35.490","","27.00%","","-0.540","","57.830","","65.00%","","-0.360","","33.390","","44.00%","","-1.080","","49.790"
"⚠️ Missed model by 47","15466","Cantlay, Patrick",75,28,"","0.470","","293.276","","59.93%","","0.358","","0.339","","0.029","","-0.009","","-0.545","","60.63%","","61.80%","","2.955","","4.708","","71.597","","3.841","","29.350","","80.997","","93.00%","","1.080","","15.140","","88.00%","","0.900","","18.810","","63.00%","","0.180","","36.780","","39.00%","","1.440","","62.680","","77.00%","","1.080","","28.300","","41.00%","","-0.180","","43.850"
"⚠️ Missed model by 45","29770","Mouw, William",75,30,"","0.139","","289.834","","68.14%","","-0.212","","-0.005","","-0.469","","0.261","","0.325","","72.82%","","72.55%","","3.104","","3.507","","69.740","","4.039","","35.251","","52.982","","74.00%","","-1.800","","20.410","","76.00%","","-0.900","","23.130","","65.00%","","0.900","","37.270","","37.00%","","-0.360","","64.060","","68.00%","","-0.180","","31.590","","51.00%","","0.900","","44.260"
"⚠️ Missed model by 44","11657","Norlander, Henrik",75,31,"","0.768","","277.679","","70.21%","","0.458","","0.802","","-0.219","","-0.125","","-0.328","","68.37%","","53.60%","","3.305","","3.269","","69.274","","3.555","","29.039","","37.131","","90.00%","","0.180","","18.260","","83.00%","","0.540","","20.870","","52.00%","","-0.360","","38.100","","40.00%","","1.260","","48.970","","71.00%","","0.900","","29.550","","43.00%","","0.000","","45.530"
"⚠️ Missed model by 41","22002","Dumont De Chassart, Adrien",75,34,"","0.533","","293.214","","52.85%","","0.398","","0.296","","0.160","","-0.058","","-0.088","","67.29%","","67.37%","","4.518","","3.333","","69.398","","4.194","","30.725","","53.551","","91.00%","","0.000","","16.350","","0.00%","","0.000","","0.000","","45.00%","","0.900","","37.890","","18.00%","","-1.800","","74.770","","72.00%","","-0.360","","29.500","","0.00%","","0.000","","0.000"
"⚠️ Missed model by 40","14792","Saddier, Adrien",75,35,"","-0.657","","291.567","","68.93%","","-0.524","","-0.986","","0.078","","0.384","","-0.122","","69.58%","","68.09%","","2.542","","3.716","","70.630","","3.819","","31.736","","49.170","","97.00%","","0.720","","12.910","","0.00%","","0.000","","0.000","","30.00%","","-3.420","","48.040","","36.00%","","1.800","","54.270","","50.00%","","-0.900","","32.910","","0.00%","","0.000","","0.000"
"⚠️ Missed model by 36","13412","Olesen, Thorbjorn",75,39,"","0.567","","296.415","","59.77%","","0.734","","0.588","","-0.129","","0.276","","-0.123","","65.95%","","58.17%","","3.365","","3.540","","70.532","","3.721","","35.973","","57.104","","85.00%","","0.360","","16.430","","82.00%","","0.000","","23.260","","62.00%","","0.180","","36.380","","44.00%","","-0.360","","67.070","","70.00%","","-0.180","","32.440","","46.00%","","0.360","","44.330"
"⚠️ Missed model by 35","25094","Fishburn, Patrick",75,40,"","-0.178","","290.982","","58.27%","","-0.519","","-0.379","","-0.029","","-0.111","","0.679","","70.21%","","56.22%","","3.295","","2.853","","70.143","","4.257","","38.408","","44.759","","92.00%","","-0.540","","18.310","","83.00%","","0.000","","23.200","","58.00%","","-0.720","","42.050","","37.00%","","-0.180","","58.850","","70.00%","","0.000","","32.890","","53.00%","","0.180","","44.810"
"⚠️ Missed model by 33","22985","Smotherman, Austin",75,42,"","1.328","","288.493","","61.97%","","1.423","","1.027","","0.189","","0.206","","-0.467","","75.76%","","73.74%","","2.908","","2.620","","68.680","","5.036","","29.888","","40.764","","0.00%","","0.000","","0.000","","0.00%","","0.000","","0.000","","0.00%","","0.000","","0.000","","0.00%","","0.000","","0.000","","0.00%","","0.000","","0.000","","0.00%","","0.000","","0.000"
"⚠️ Missed model by 30","16162","Lee, S.T.",75,45,"","-0.080","","302.659","","54.03%","","-1.041","","-0.818","","0.651","","-0.874","","0.768","","54.71%","","71.14%","","4.061","","4.147","","69.977","","4.293","","31.017","","66.047","","0.00%","","0.000","","0.000","","0.00%","","0.000","","0.000","","0.00%","","0.000","","0.000","","0.00%","","0.000","","0.000","","0.00%","","0.000","","0.000","","0.00%","","0.000","","0.000"
"⚠️ Missed model by 29","29304","Byrd, Marcus",75,46,"","-0.155","","307.155","","49.74%","","-0.113","","0.147","","-0.421","","0.161","","-0.490","","63.78%","","45.37%","","4.070","","4.536","","70.833","","4.028","","35.631","","55.286","","0.00%","","0.000","","0.000","","0.00%","","0.000","","0.000","","56.00%","","0.360","","38.100","","0.00%","","0.000","","0.000","","0.00%","","0.000","","0.000","","0.00%","","0.000","","0.000"
"⚠️ Missed model by 23","6169","Kuchar, Matt",75,52,"","0.269","","276.304","","67.51%","","-0.409","","-0.149","","0.466","","-0.725","","-0.102","","59.26%","","77.95%","","2.929","","3.347","","72.258","","3.144","","30.510","","82.939","","85.00%","","-0.360","","17.620","","83.00%","","1.260","","19.420","","63.00%","","1.080","","31.870","","41.00%","","0.540","","61.200","","63.00%","","-0.900","","34.150","","45.00%","","0.180","","42.890"
"⚠️ Missed model by 19","26850","Svensson, Jesper",75,56,"","-0.264","","295.597","","54.96%","","0.607","","0.077","","0.191","","0.339","","-0.749","","69.90%","","65.60%","","4.419","","4.133","","70.046","","4.268","","28.886","","53.027","","88.00%","","1.080","","15.260","","77.00%","","-0.360","","23.290","","58.00%","","0.900","","36.310","","36.00%","","-0.180","","66.420","","62.00%","","-0.900","","33.870","","48.00%","","0.000","","46.660"
"⚠️ Missed model by 16","17536","Spaun, J.J.",75,59,"","-0.394","","291.341","","61.07%","","0.162","","-0.095","","-0.126","","0.382","","-0.964","","54.06%","","59.90%","","2.741","","4.171","","72.423","","3.362","","33.085","","63.774","","90.00%","","1.260","","15.010","","81.00%","","0.720","","20.240","","61.00%","","0.540","","34.160","","43.00%","","1.440","","61.860","","71.00%","","0.540","","29.180","","52.00%","","0.900","","42.400"
"⚠️ Missed model by 15","23465","Greyserman, Max",75,60,"","0.530","","294.255","","59.16%","","0.473","","0.059","","0.302","","0.113","","-0.092","","56.80%","","66.54%","","3.404","","5.003","","71.343","","3.684","","32.728","","42.729","","87.00%","","-0.360","","17.440","","81.00%","","0.000","","22.160","","51.00%","","-0.180","","38.270","","30.00%","","-0.720","","66.330","","69.00%","","0.180","","32.440","","47.00%","","0.000","","46.160"
"⚠️ Missed model by 11","30620","Chatfield, Davis",75,64,"","-0.998","","279.192","","58.25%","","-0.377","","-0.739","","0.660","","-0.298","","-0.805","","63.17%","","67.58%","","2.595","","3.179","","71.405","","2.746","","30.695","","71.302","","0.00%","","0.000","","0.000","","0.00%","","0.000","","0.000","","0.00%","","0.000","","0.000","","0.00%","","0.000","","0.000","","0.00%","","0.000","","0.000","","0.00%","","0.000","","0.000"
"≈ Near model (-9)","19729","Kanaya, Takumi",75,66,"","0.272","","287.365","","70.52%","","0.113","","-0.758","","0.451","","0.420","","0.186","","58.68%","","61.14%","","3.513","","3.132","","70.642","","3.647","","38.471","","67.194","","84.00%","","-0.360","","18.100","","81.00%","","-0.360","","23.310","","57.00%","","0.000","","35.060","","34.00%","","0.360","","59.160","","59.00%","","-0.900","","34.700","","41.00%","","-0.900","","49.840"
"≈ Near model (-7)","15330","Griffin, Lanto",75,68,"","-1.130","","285.734","","60.39%","","-0.644","","-0.397","","-0.118","","-0.129","","0.795","","56.44%","","59.86%","","2.457","","3.481","","73.671","","3.119","","31.357","","86.575","","85.00%","","-0.900","","21.540","","73.00%","","-0.540","","22.820","","56.00%","","0.360","","35.720","","33.00%","","0.720","","48.130","","69.00%","","0.180","","30.760","","48.00%","","0.540","","45.050"
"≈ Near model (-3)","31343","Ford, David",75,72,"","0.456","","291.735","","62.40%","","0.492","","1.076","","-0.692","","0.108","","-0.048","","69.89%","","59.58%","","3.320","","3.361","","69.485","","4.783","","32.669","","45.760","","79.00%","","-1.080","","20.410","","77.00%","","-0.720","","23.440","","55.00%","","0.180","","40.360","","26.00%","","-0.900","","61.330","","65.00%","","-0.360","","31.260","","45.00%","","0.360","","43.930"
"","8820","Snedeker, Brandt",75,73,"","1.089","","272.191","","70.63%","","0.065","","0.504","","0.246","","-0.686","","1.081","","58.84%","","64.87%","","4.210","","3.995","","71.233","","4.278","","28.891","","83.390","","89.00%","","1.440","","13.930","","81.00%","","0.900","","20.880","","47.00%","","-1.080","","44.540","","32.00%","","-0.900","","66.940","","66.00%","","-0.180","","30.730","","42.00%","","-0.900","","52.720"
"","22736","Rosenmueller, Thomas",75,75,"","1.056","","287.672","","60.86%","","-0.614","","0.615","","-0.757","","-0.472","","-0.203","","67.40%","","66.26%","","3.235","","3.569","","68.262","","3.874","","26.498","","40.649","","89.00%","","-0.180","","18.630","","80.00%","","-0.360","","22.790","","55.00%","","-0.540","","40.030","","36.00%","","0.180","","57.250","","73.00%","","1.440","","27.670","","48.00%","","0.360","","44.110"
"","26657","Fisk, Steven",75,77,"","-0.206","","284.643","","57.55%","","0.341","","-0.036","","0.484","","-0.108","","-0.345","","64.92%","","70.02%","","2.875","","3.123","","70.030","","3.658","","30.675","","58.909","","93.00%","","1.260","","15.480","","85.00%","","0.000","","23.220","","52.00%","","-0.540","","44.460","","37.00%","","1.080","","50.380","","70.00%","","-0.180","","33.350","","44.00%","","0.000","","42.970"
"≈ Near model (+4)","21943","Lebioda, Hank",75,79,"","-0.538","","288.030","","57.81%","","-0.638","","-0.586","","-0.362","","0.310","","0.039","","64.18%","","55.74%","","2.496","","3.520","","70.498","","3.541","","34.998","","56.315","","0.00%","","0.000","","0.000","","0.00%","","0.000","","0.000","","0.00%","","0.000","","0.000","","0.00%","","0.000","","0.000","","0.00%","","0.000","","0.000","","0.00%","","0.000","","0.000"
"≈ Near model (+5)","25475","Nyholm, Pontus",75,80,"","-0.359","","291.703","","44.86%","","-0.571","","0.127","","-0.200","","-0.498","","0.521","","64.53%","","61.75%","","3.222","","3.386","","70.388","","4.247","","32.448","","60.980","","0.00%","","0.000","","0.000","","0.00%","","0.000","","0.000","","35.00%","","-3.960","","47.290","","0.00%","","0.000","","0.000","","0.00%","","0.000","","0.000","","0.00%","","0.000","","0.000"
"≈ Near model (+6)","32055","Shipley, Neal",75,81,"","-1.242","","297.595","","54.24%","","-0.790","","-0.939","","-0.215","","0.367","","-0.473","","59.57%","","56.62%","","2.734","","4.157","","71.649","","3.822","","31.284","","74.560","","0.00%","","0.000","","0.000","","0.00%","","0.000","","0.000","","53.00%","","0.720","","28.740","","0.00%","","0.000","","0.000","","67.00%","","-0.360","","31.330","","0.00%","","0.000","","0.000"
"≈ Near model (+7)","24956","Blanchet, Chandler",75,82,"","-1.398","","286.283","","60.20%","","-0.125","","0.652","","-0.715","","-0.062","","-1.428","","64.56%","","53.83%","","2.846","","5.005","","71.995","","2.793","","31.445","","66.856","","0.00%","","0.000","","0.000","","0.00%","","0.000","","0.000","","0.00%","","0.000","","0.000","","0.00%","","0.000","","0.000","","0.00%","","0.000","","0.000","","0.00%","","0.000","","0.000"
"≈ Near model (+8)","31866","Logan, Hunter",75,83,"","-2.558","","303.184","","41.03%","","-3.279","","-1.531","","-0.766","","-0.983","","0.721","","50.98%","","66.37%","","2.350","","5.157","","73.365","","2.502","","32.943","","46.801","","0.00%","","0.000","","0.000","","0.00%","","0.000","","0.000","","0.00%","","0.000","","0.000","","0.00%","","0.000","","0.000","","0.00%","","0.000","","0.000","","0.00%","","0.000","","0.000"
"✅ Beat model by 10","19872","Riley, Davis",75,85,"","1.108","","301.501","","54.94%","","0.077","","0.041","","0.174","","-0.139","","-0.586","","57.94%","","71.36%","","3.668","","3.950","","70.907","","3.941","","34.872","","62.860","","83.00%","","0.540","","15.120","","79.00%","","0.000","","21.780","","51.00%","","-0.540","","39.760","","38.00%","","0.180","","62.590","","65.00%","","-0.360","","31.030","","40.00%","","-1.800","","50.910"
"✅ Beat model by 13","8480","Streelman, Kevin",75,88,"","-0.268","","282.029","","60.15%","","-0.018","","0.190","","0.254","","-0.461","","-0.092","","55.80%","","59.84%","","2.978","","4.164","","72.313","","3.523","","32.084","","56.558","","89.00%","","0.360","","15.760","","84.00%","","1.260","","19.460","","65.00%","","0.000","","39.820","","21.00%","","-1.620","","70.830","","63.00%","","-0.180","","32.220","","40.00%","","-0.360","","51.990"
"✅ Beat model by 14","13997","Svensson, Adam",75,89,"","0.056","","286.533","","64.55%","","0.220","","0.287","","0.151","","-0.218","","-0.625","","60.07%","","58.58%","","3.041","","4.169","","71.989","","3.431","","32.838","","53.497","","83.00%","","-0.900","","19.870","","80.00%","","0.180","","21.180","","53.00%","","-0.360","","39.680","","32.00%","","-1.080","","66.710","","69.00%","","0.360","","29.900","","50.00%","","0.540","","43.430"
"✅ Beat model by 15","12577","Woodland, Gary",75,90,"","-0.250","","301.546","","54.14%","","-0.293","","0.363","","-0.809","","0.153","","-0.158","","62.47%","","54.73%","","3.431","","4.181","","71.694","","3.070","","35.169","","57.920","","87.00%","","-0.180","","17.960","","76.00%","","-0.180","","22.960","","53.00%","","-0.180","","37.680","","37.00%","","0.720","","56.760","","68.00%","","0.540","","29.700","","56.00%","","1.080","","41.440"
"✅ Beat model by 19","21886","Geddes, Mark",75,94,"","-3.718","","286.495","","76.33%","","0.000","","0.000","","0.000","","0.000","","0.000","","67.34%","","0.00%","","0.000","","0.000","","74.562","","2.000","","0.000","","0.000","","0.00%","","0.000","","0.000","","0.00%","","0.000","","0.000","","0.00%","","0.000","","0.000","","0.00%","","0.000","","0.000","","0.00%","","0.000","","0.000","","0.00%","","0.000","","0.000"
"✅ Beat model by 20","24343","Lamprecht, Christo",75,95,"","-2.087","","308.789","","46.73%","","-2.064","","-1.187","","-0.575","","-0.302","","-0.058","","60.10%","","57.07%","","2.943","","3.902","","72.478","","2.808","","36.534","","52.623","","0.00%","","0.000","","0.000","","0.00%","","0.000","","0.000","","45.00%","","-2.340","","47.830","","0.00%","","0.000","","0.000","","0.00%","","0.000","","0.000","","0.00%","","0.000","","0.000"
"✅ Beat model by 21","21889","Kang, Jeffrey",75,96,"","-1.596","","289.211","","38.56%","","-1.821","","-0.242","","0.230","","-1.809","","-0.487","","56.82%","","57.92%","","2.337","","4.553","","72.100","","2.652","","35.426","","43.024","","0.00%","","0.000","","0.000","","0.00%","","0.000","","0.000","","0.00%","","0.000","","0.000","","0.00%","","0.000","","0.000","","0.00%","","0.000","","0.000","","0.00%","","0.000","","0.000"
"✅ Beat model by 24","11276","Horschel, Billy",75,99,"","-0.841","","287.688","","56.71%","","-1.206","","-0.301","","-0.497","","-0.409","","-0.228","","60.34%","","65.72%","","3.575","","3.840","","73.033","","2.858","","31.826","","62.039","","88.00%","","0.180","","16.960","","81.00%","","0.180","","21.440","","70.00%","","1.440","","33.730","","27.00%","","-0.900","","57.750","","68.00%","","0.900","","30.020","","41.00%","","-0.360","","49.240"
"✅ Beat model by 27","23816","Valimaki, Sami",75,102,"","-1.694","","283.707","","59.50%","","-1.593","","-0.831","","-0.188","","-0.574","","-0.024","","62.37%","","56.39%","","3.618","","4.624","","72.491","","3.702","","30.183","","55.932","","86.00%","","0.000","","17.480","","80.00%","","0.360","","22.200","","64.00%","","0.360","","38.360","","41.00%","","0.540","","59.670","","69.00%","","0.360","","29.410","","53.00%","","0.900","","41.890"
"✅ Beat model by 31","11451","Garnett, Brice",75,106,"","-0.409","","281.192","","66.02%","","-0.596","","-0.221","","0.147","","-0.521","","1.016","","67.12%","","64.25%","","2.645","","3.537","","70.628","","3.576","","31.127","","57.395","","79.00%","","-0.720","","19.160","","81.00%","","-0.180","","22.410","","61.00%","","-0.540","","42.160","","35.00%","","-1.080","","67.960","","70.00%","","0.000","","31.500","","43.00%","","-0.180","","47.040"
"✅ Beat model by 33","13508","Vegas, Jhonattan",75,108,"","-0.822","","295.966","","53.04%","","-0.675","","-0.439","","-0.139","","-0.097","","-0.581","","52.90%","","59.41%","","3.262","","4.728","","72.801","","3.251","","32.128","","64.817","","83.00%","","-0.360","","18.700","","81.00%","","-0.540","","23.900","","60.00%","","0.360","","36.650","","39.00%","","0.360","","67.790","","66.00%","","-0.180","","32.020","","47.00%","","0.000","","43.180"
"✅ Beat model by 36","31960","Hastings, Justin",75,111,"","0.856","","272.481","","43.48%","","-0.451","","-0.212","","0.583","","-0.822","","0.623","","65.38%","","60.27%","","3.584","","3.404","","70.733","","3.257","","31.853","","49.551","","90.00%","","1.440","","15.530","","86.00%","","0.540","","20.870","","65.00%","","0.900","","34.890","","40.00%","","0.360","","59.770","","73.00%","","-0.180","","31.310","","41.00%","","-1.620","","52.450"
"✅ Beat model by 40","17538","Homa, Max",75,115,"","-1.024","","290.859","","58.63%","","-1.594","","-0.831","","-0.660","","-0.103","","0.046","","52.85%","","63.92%","","3.290","","5.060","","73.269","","3.285","","35.570","","76.545","","79.00%","","-0.180","","18.070","","83.00%","","0.180","","20.580","","53.00%","","-0.360","","38.870","","39.00%","","0.360","","61.290","","65.00%","","-0.360","","31.120","","46.00%","","0.360","","44.620"
"✅ Beat model by 41","17550","Van Rooyen, Erik",75,116,"","-1.067","","298.710","","59.85%","","-1.429","","-0.830","","-0.370","","-0.229","","0.364","","55.94%","","58.65%","","2.990","","4.665","","72.385","","3.654","","35.825","","50.753","","87.00%","","0.000","","18.390","","80.00%","","0.180","","22.840","","61.00%","","0.000","","37.560","","33.00%","","-0.180","","57.960","","65.00%","","0.000","","31.390","","42.00%","","-0.540","","45.790"
"✅ Beat model by 43","25157","Hodges, Lee",75,118,"","-0.527","","290.238","","61.25%","","0.188","","0.779","","-0.184","","-0.407","","0.383","","59.24%","","59.96%","","2.495","","3.910","","72.453","","3.164","","30.965","","53.410","","84.00%","","-0.180","","17.630","","83.00%","","0.180","","21.830","","53.00%","","0.540","","35.970","","34.00%","","-0.180","","54.860","","71.00%","","0.540","","29.860","","53.00%","","1.260","","42.570"
"✅ Beat model by 44","27164","Phillips, Chandler",75,119,"","-1.470","","288.733","","55.38%","","-1.812","","-1.370","","0.102","","-0.544","","0.373","","61.41%","","66.92%","","2.504","","3.744","","71.382","","3.209","","34.386","","47.327","","88.00%","","0.180","","16.560","","81.00%","","0.000","","21.790","","56.00%","","0.540","","35.860","","32.00%","","-1.080","","66.070","","64.00%","","0.180","","30.540","","46.00%","","0.180","","44.530"
"✅ Beat model by 45","24342","Higgo, Garrick",75,120,"","-0.692","","304.365","","54.16%","","-1.157","","-0.641","","-0.412","","-0.105","","-0.977","","55.18%","","63.67%","","4.083","","4.206","","72.611","","3.255","","38.162","","69.503","","88.00%","","-0.720","","18.190","","80.00%","","-0.360","","22.340","","51.00%","","-0.360","","38.880","","38.00%","","-0.180","","66.240","","67.00%","","0.540","","31.750","","48.00%","","-0.360","","42.570"
"✅ Beat model by 47","14926","Malnati, Peter",75,122,"","-0.655","","292.281","","44.18%","","-0.925","","-0.457","","0.243","","-0.710","","1.066","","56.09%","","56.40%","","3.550","","4.628","","73.093","","3.679","","34.639","","55.301","","81.00%","","-0.900","","19.670","","74.00%","","-0.720","","22.900","","58.00%","","0.180","","35.800","","30.00%","","-0.540","","70.060","","68.00%","","0.180","","31.800","","32.00%","","-2.160","","54.000"
"✅ Beat model by 50","9171","Villegas, Camilo",75,125,"","-1.122","","276.905","","60.57%","","-1.185","","-0.468","","0.163","","-0.881","","-0.678","","60.32%","","59.70%","","2.238","","4.536","","71.771","","3.248","","31.414","","51.765","","90.00%","","0.360","","16.340","","83.00%","","0.900","","19.960","","63.00%","","0.900","","32.460","","32.00%","","0.000","","56.200","","67.00%","","-0.540","","32.900","","44.00%","","-1.440","","50.440"
"✅ Beat model by 51","14704","Putnam, Andrew",75,126,"","-0.027","","270.151","","58.97%","","-0.503","","-0.148","","0.719","","-1.074","","0.081","","57.29%","","69.26%","","2.863","","4.055","","72.152","","3.385","","33.242","","57.749","","89.00%","","-0.540","","18.590","","78.00%","","-0.180","","22.150","","55.00%","","-0.900","","38.490","","38.00%","","0.540","","56.280","","73.00%","","0.360","","31.830","","45.00%","","0.360","","46.020"
"✅ Beat model by 52","7960","List, Luke",75,127,"","-1.367","","295.838","","62.08%","","-0.825","","-0.404","","-0.562","","0.142","","0.369","","61.16%","","51.32%","","3.286","","4.274","","72.877","","3.140","","35.897","","60.156","","78.00%","","-1.440","","21.770","","77.00%","","-0.900","","25.780","","62.00%","","0.000","","39.190","","39.00%","","0.000","","58.070","","63.00%","","-0.720","","34.830","","49.00%","","0.180","","44.940"
"✅ Beat model by 55","30814","Sargent, Gordon",75,130,"","-1.205","","301.451","","55.74%","","-0.803","","-1.093","","0.018","","0.272","","-0.243","","72.56%","","54.92%","","2.880","","3.448","","71.116","","3.635","","33.625","","62.765","","85.00%","","0.180","","15.900","","80.00%","","-0.900","","25.230","","60.00%","","0.360","","39.550","","22.00%","","-1.800","","84.420","","58.00%","","-1.620","","36.180","","34.00%","","-1.440","","50.150"
"✅ Beat model by 61","25002","Wu, Dylan",75,136,"","-0.985","","283.435","","50.56%","","-0.898","","-0.317","","-0.191","","-0.390","","-0.327","","66.50%","","51.16%","","2.791","","3.735","","70.665","","4.148","","32.551","","52.430","","90.00%","","-0.360","","20.720","","87.00%","","0.900","","20.730","","47.00%","","-0.900","","39.660","","38.00%","","0.000","","62.860","","69.00%","","-0.180","","33.610","","37.00%","","-1.440","","48.030"
"✅ Beat model by 62","22087","Paul, Jeremy",75,137,"","-0.980","","276.246","","51.56%","","-1.387","","-0.603","","0.309","","-1.093","","0.307","","62.45%","","60.03%","","3.145","","4.692","","71.146","","3.725","","31.674","","49.756","","93.00%","","1.440","","14.270","","78.00%","","-0.540","","24.840","","61.00%","","0.900","","36.170","","29.00%","","-0.720","","59.730","","64.00%","","-0.720","","35.160","","52.00%","","0.000","","44.160"
"✅ Beat model by 63","25908","Whaley, Vince",75,138,"","-0.801","","286.914","","52.85%","","-2.037","","-1.163","","-0.332","","-0.542","","-0.083","","56.67%","","68.21%","","3.096","","3.942","","71.825","","3.271","","37.468","","67.228","","86.00%","","0.540","","17.740","","78.00%","","-0.180","","22.930","","60.00%","","0.180","","38.860","","37.00%","","-0.720","","69.520","","67.00%","","-0.180","","32.090","","48.00%","","0.000","","46.450"
"✅ Beat model by 65","28469","Highsmith, Joe",75,140,"","-1.621","","288.733","","51.85%","","-1.863","","-1.258","","-0.313","","-0.292","","-0.075","","52.61%","","62.80%","","2.457","","5.135","","72.820","","3.307","","35.666","","70.081","","79.00%","","-0.720","","18.970","","73.00%","","-0.360","","22.680","","52.00%","","-0.720","","38.940","","31.00%","","0.180","","56.450","","67.00%","","0.180","","30.820","","43.00%","","0.180","","44.050"
"✅ Beat model by 67","22051","Wise, Aaron",75,142,"","-1.881","","291.637","","44.21%","","-1.503","","-1.041","","0.011","","-0.474","","-0.762","","55.56%","","52.57%","","2.911","","4.928","","74.215","","2.607","","37.977","","67.991","","86.00%","","-0.360","","20.960","","82.00%","","0.540","","21.550","","44.00%","","-1.800","","47.670","","35.00%","","-1.080","","70.340","","71.00%","","-0.360","","32.800","","53.00%","","0.180","","46.130"
"✅ Beat model by 68","12909","Campos, Rafael",75,143,"","-1.693","","294.481","","56.77%","","-1.548","","-0.547","","-0.725","","-0.276","","-0.161","","58.33%","","54.15%","","3.312","","5.756","","72.675","","3.228","","34.965","","56.192","","71.00%","","-3.060","","22.520","","76.00%","","-0.540","","23.530","","57.00%","","-0.540","","39.260","","37.00%","","0.180","","59.760","","63.00%","","-0.360","","34.020","","44.00%","","-1.080","","47.790"
"✅ Beat model by 69","17881","Yu, Kevin",75,144,"","-0.950","","293.328","","52.06%","","-0.419","","-0.305","","-0.087","","-0.028","","-0.905","","60.55%","","54.96%","","3.128","","4.297","","71.699","","3.840","","34.115","","54.194","","82.00%","","-0.180","","17.850","","85.00%","","0.360","","21.810","","52.00%","","-0.720","","41.730","","33.00%","","-0.720","","58.830","","72.00%","","0.360","","29.320","","51.00%","","0.900","","41.850"
"✅ Beat model by 71","17032","Tosti, Alejandro",75,146,"","-3.773","","296.138","","50.91%","","-2.759","","-1.553","","-0.680","","-0.526","","-1.081","","61.17%","","51.35%","","3.275","","6.325","","74.069","","3.346","","34.813","","58.541","","74.00%","","-1.260","","20.700","","69.00%","","-0.540","","22.640","","61.00%","","1.080","","30.810","","32.00%","","-0.540","","59.390","","64.00%","","-0.180","","30.560","","49.00%","","0.360","","43.300"
"✅ Beat model by 72","5768","Hoffman, Charley",75,147,"","-1.682","","291.937","","56.07%","","-0.355","","-0.003","","-0.362","","0.010","","-0.770","","61.24%","","53.59%","","2.745","","4.655","","72.426","","2.999","","32.652","","49.231","","81.00%","","-0.720","","18.930","","73.00%","","-0.360","","23.860","","56.00%","","-0.720","","39.430","","39.00%","","0.180","","53.430","","65.00%","","0.900","","29.290","","43.00%","","-0.360","","43.150"
"","21412","",75,"","","","","","","","","","","","","","","","","","","","","","","","","","","","","","","","","","","","","","","","","","","","","","","","","","","","","","","","","","","","","","","","","","","","",""
"","18554","Rai, Aaron","",57,"","-0.214","","281.454","","71.27%","","0.426","","0.073","","0.248","","0.105","","-0.684","","62.99%","","62.53%","","2.655","","3.895","","72.193","","3.216","","34.564","","48.142","","85.00%","","0.540","","15.250","","87.00%","","0.540","","20.080","","60.00%","","-0.360","","39.830","","37.00%","","1.260","","53.400","","76.00%","","0.720","","28.960","","52.00%","","0.720","","43.710"